t,u,v,w,p,q,r,phi,theta,psi
0.000000000000000000e+00,7.799940309474141031e+01,-8.637901353679906802e-02,2.541170854339830365e-02,1.475719429422022236e-02,-1.662384516821641817e-02,-2.023918791900984962e-02,-1.714647569482998235e-01,-3.896020767354044928e-02,7.853981633974482790e-01
1.000000000000000000e+00,7.765557983705514289e+01,-3.568745208958941095e-01,-9.428145425196031937e+00,2.277111633720224279e-02,-2.702377441096723287e-01,-1.686499815108515044e-02,-1.574476054604743991e-01,-2.119919309213693925e-01,7.969512453011884379e-01
2.000000000000000000e+00,7.739944559005654412e+01,-2.708299434389567217e-01,-1.778233879741512879e+01,3.482839119974705938e-02,-1.841214733336002662e-01,-2.857431862491673774e-02,-1.293731006021932306e-01,-4.592711608423226677e-01,8.105867283129508660e-01
3.000000000000000000e+00,8.053455862440608826e+01,2.768910539624444000e-01,-1.515677615444466930e+01,-3.113150276540196850e-03,-5.274390692963110833e-02,-1.160175897053909375e-02,-1.050889405181246183e-01,-5.698347316625279602e-01,7.990076732873176990e-01
4.000000000000000000e+00,8.485730417553502036e+01,-9.826293715057998757e-02,-1.176946160126353291e+01,-5.829644556405821736e-03,-6.970709202766475765e-02,-4.013677702416445538e-03,-1.173434303442692228e-01,-6.206465779968299845e-01,8.008453705060836203e-01
5.000000000000000000e+00,8.896108143832807968e+01,7.354338877179357470e-02,-1.390258872779545563e+01,7.103438047843678785e-03,-1.160410679158847963e-01,-1.747069115952241611e-02,-1.105808113970883633e-01,-7.193620370533898578e-01,7.998398065206188123e-01
6.000000000000000000e+00,9.351195356249998270e+01,4.893065586352840501e-01,-1.632194704819932340e+01,-3.711923137313649645e-02,-8.691556515556292384e-02,-8.231209954037080204e-04,-1.271606211399247122e-01,-8.260489126999993603e-01,8.020224560773415723e-01
7.000000000000000000e+00,9.898277443711548074e+01,1.534856406313203081e-01,-1.621377394334594513e+01,-2.788580421147884847e-02,-5.576616365721715624e-02,-6.017507016113143002e-03,-1.760898166158265943e-01,-8.931475122018732726e-01,8.176341891340556112e-01
8.000000000000000000e+00,1.046878137429932849e+02,6.431006732404601633e-01,-1.669888142104311157e+01,-4.833815389220395137e-02,-5.974911430551449465e-02,-8.190388739363863371e-03,-2.078034934483226071e-01,-9.507682310069240916e-01,8.181568111280010935e-01
9.000000000000000000e+00,1.104205936599542497e+02,5.351285261359093326e-01,-1.812187462792190118e+01,-6.910868788141102947e-02,-5.411833338891995637e-02,4.196374608944589309e-04,-2.928228616183138899e-01,-1.007968579559718636e+00,8.419185379326141749e-01
1.000000000000000000e+01,1.163544725650638725e+02,7.244549411895341295e-01,-1.892934217084367532e+01,-7.001412387530792092e-02,-3.977310312878043486e-02,-8.490301074828315864e-03,-3.735035792239352337e-01,-1.053662606354222486e+00,8.607636576727787370e-01
1.100000000000000000e+01,1.223190475240337349e+02,8.054889512211330649e-01,-1.975525863289378847e+01,-9.566934160417886468e-02,-3.628240160940646164e-02,-5.513629283921305446e-04,-4.827266418493169065e-01,-1.089224398443126685e+00,8.864750670293665147e-01
1.200000000000000000e+01,1.282056798217023186e+02,9.225951559515777056e-01,-2.081201983338668171e+01,-9.929473820209015755e-02,-2.919576417192526127e-02,-6.243832110915288613e-03,-6.040558528979689257e-01,-1.119991576898833330e+00,9.165469010452840237e-01
1.300000000000000000e+01,1.340401617561894909e+02,9.883564037788458156e-01,-2.166949503786499065e+01,-1.177683461334530779e-01,-2.297534077642420652e-02,-1.745104875023779922e-03,-7.441092486328806377e-01,-1.141976853814674175e+00,9.482679247937161326e-01
1.400000000000000000e+01,1.397388166087447985e+02,1.136449767151672452e+00,-2.260240988423415232e+01,-1.272738944434455288e-01,-1.748321541566814213e-02,-3.742343796868098822e-03,-8.914660489175503244e-01,-1.158734143250766069e+00,9.782080647616657743e-01
1.500000000000000000e+01,1.452931778484118581e+02,1.170339145521293478e+00,-2.349029737597173195e+01,-1.388307791660449431e-01,-1.216109419930022466e-02,-2.015941548354241615e-03,-1.052259125884469571e+00,-1.168679639897088229e+00,1.006177549027509777e+00
1.600000000000000000e+01,1.506789428127436850e+02,1.314596641842529889e+00,-2.434616156124549491e+01,-1.521762198149435308e-01,-6.907825928778412068e-03,-6.228629112896809372e-04,-1.214706151971059578e+00,-1.174624705769107935e+00,1.025780592783733347e+00
1.700000000000000000e+01,1.558795288785613877e+02,1.377627871766297307e+00,-2.519414884221855999e+01,-1.608341930647854134e-01,-2.027613283180103223e-03,-9.528007434375911772e-05,-1.381747278980187899e+00,-1.176002576054018256e+00,1.036998247366031967e+00
1.800000000000000000e+01,1.608911830538069410e+02,1.471122201688820130e+00,-2.599598522041170057e+01,-1.729854293200949744e-01,2.602250441334415590e-03,2.593339538642036850e-03,-1.548533091530995387e+00,-1.174705804315612667e+00,1.036287025663402028e+00
1.900000000000000000e+01,1.657057175010452568e+02,1.572505012816567183e+00,-2.677623579431384471e+01,-1.833090932703479170e-01,7.110151007734892038e-03,4.645804141277329151e-03,-1.714059528524694009e+00,-1.171754388608325037e+00,1.023166065041438477e+00
2.000000000000000000e+01,1.703239121758430201e+02,1.653536794447295843e+00,-2.752575123349762976e+01,-1.929686010847490585e-01,1.116573681830256015e-02,7.248860915584234496e-03,-1.878138557214752868e+00,-1.167975799605039056e+00,9.968576111470814904e-01
2.100000000000000000e+01,1.747475154764243257e+02,1.743654573639137784e+00,-2.824087666112180628e+01,-2.033029361296920245e-01,1.486332920234038554e-02,1.069005716573471175e-02,-2.040266409929283320e+00,-1.164682654858883781e+00,9.574739208892878439e-01
2.200000000000000000e+01,1.789791939348716312e+02,1.836554238584826360e+00,-2.892579774608791254e+01,-2.131319269272753669e-01,1.812701163952330427e-02,1.433222594331047192e-02,-2.200657908899700477e+00,-1.162818740546701868e+00,9.055131419689136374e-01
2.300000000000000000e+01,1.830232959692417865e+02,1.924210948248094022e+00,-2.958014885128464755e+01,-2.224885504350301302e-01,2.081883579996601438e-02,1.827649420425371887e-02,-2.359694394756359781e+00,-1.163240793085246638e+00,8.415031196198988761e-01
2.400000000000000000e+01,1.868844710898412700e+02,2.010369524897298366e+00,-3.020240916430541489e+01,-2.317072058235735699e-01,2.287830672825045750e-02,2.257715035903555892e-02,-2.517702412519056132e+00,-1.166797971422600000e+00,7.662077227047249250e-01
2.500000000000000000e+01,1.905667455536283512e+02,2.095627182750410711e+00,-3.079318914405948959e+01,-2.406404284021635975e-01,2.426228211008508995e-02,2.702914754885709855e-02,-2.674958231648842943e+00,-1.174196585325509190e+00,6.804543842200885262e-01
2.600000000000000000e+01,1.940734180171938306e+02,2.177450094929925140e+00,-3.135302504743696161e+01,-2.491126405390479692e-01,2.492914900520813021e-02,3.144257308455454536e-02,-2.831628058251833391e+00,-1.185996396638188344e+00,5.850265704334384198e-01
2.700000000000000000e+01,1.974067887245188615e+02,2.254157200927480176e+00,-3.188192430379802289e+01,-2.570644258273979688e-01,2.487484133962112459e-02,3.566689068712582122e-02,-2.987744175176673345e+00,-1.202609490938175263e+00,4.806989645377607312e-01
2.800000000000000000e+01,2.005679674612571262e+02,2.324837725716982550e+00,-3.237996854764348598e+01,-2.644415258516865097e-01,2.414391460443180912e-02,3.953530694950845026e-02,-3.143202092450370522e+00,-1.224267812506319109e+00,3.682293579751508283e-01
2.900000000000000000e+01,2.035569647411234939e+02,2.388536248470547019e+00,-3.284748243906481235e+01,-2.711675139199881124e-01,2.282694424269883504e-02,4.287485053545763564e-02,-3.297762449868625101e+00,-1.250996774394397049e+00,2.483145032521367757e-01
3.000000000000000000e+01,2.063730109335818383e+02,2.444327574867950936e+00,-3.328496081647125493e+01,-2.771777452306354861e-01,2.105637270228868582e-02,4.553947146580002159e-02,-3.451050733513727931e+00,-1.282602859255727035e+00,1.215400053839246347e-01
3.100000000000000000e+01,2.090150370496343442e+02,2.491638241879076343e+00,-3.369304968366323294e+01,-2.824408563190756172e-01,1.899908638898241062e-02,4.743101044758270268e-02,-3.602530213103256607e+00,-1.318673416581917390e+00,-1.169849085837499844e-02
3.200000000000000000e+01,2.114822689915793319e+02,2.530392203778362159e+00,-3.407258300330858702e+01,-2.869623059630938555e-01,1.684303092658461648e-02,4.850958808107305037e-02,-3.751391448259914885e+00,-1.358590668737339247e+00,-1.513588874609596568e-01
3.300000000000000000e+01,2.137748713195064738e+02,2.561015228452224957e+00,-3.442460538872381903e+01,-2.907822728359286679e-01,1.477944308584974720e-02,4.879805655674181175e-02,-3.896199141027617774e+00,-1.401560189329370099e+00,-2.981525548223029620e-01
3.400000000000000000e+01,2.158945560394265044e+02,2.584381329837818875e+00,-3.475036709847167060e+01,-2.939717391674634417e-01,1.298402823187058339e-02,4.838015257005645609e-02,-4.033681495018202057e+00,-1.446648738728920192e+00,-4.547877321048921506e-01
3.500000000000000000e+01,2.178450711577803531e+02,2.601724992931556013e+00,-3.505130204946915740e+01,-2.966262355753650493e-01,1.160020077721272101e-02,4.739164802206856375e-02,-4.153170790189354200e+00,-1.492814881750719858e+00,-6.315438012995642225e-01
3.600000000000000000e+01,2.196325000694310461e+02,2.614524294605328869e+00,-3.532899694542612679e+01,-2.988573880013675188e-01,1.072671077660734482e-02,4.600570752958094839e-02,-4.183881118315853520e+00,-1.538789648396505116e+00,-8.989904465714442239e-01
3.700000000000000000e+01,2.212653299168769934e+02,2.624369309235691450e+00,-3.558515457856796615e+01,-3.007835084461216724e-01,1.041098127575301041e-02,4.441496791284345325e-02,-1.811464227999932008e+00,-1.555414807378985076e+00,-3.571413431337632449e+00
3.800000000000000000e+01,2.227542773396476434e+02,2.632815837923711211e+00,-3.582154674212674195e+01,-3.025201809925411323e-01,1.064793960333471241e-02,4.281302280485670825e-02,-1.643345120340450993e+00,-1.512964089418019187e+00,-4.041449633285098209e+00
3.900000000000000000e+01,2.241118926195657650e+02,2.641284543028662668e+00,-3.603996756273061663e+01,-3.041726764841909403e-01,1.138480372087520044e-02,4.137760908896374185e-02,-1.742806474294646524e+00,-1.472498280959470218e+00,-4.245966333077380028e+00
4.000000000000000000e+01,2.253519861027057800e+02,2.650946518752952841e+00,-3.624217624000232263e+01,-3.058290197465013405e-01,1.252864303109208453e-02,4.025668488403262579e-02,-1.868733562946019777e+00,-1.435622710930915646e+00,-4.426277655221053209e+00
4.100000000000000000e+01,2.264889379892327383e+02,2.662656625226647034e+00,-3.642983645404609661e+01,-3.075552964664384215e-01,1.395736103170076674e-02,3.955838759233638868e-02,-2.002004643653248372e+00,-1.403116684957946392e+00,-4.601715818025068572e+00
4.200000000000000000e+01,2.275369595143158676e+02,2.676910088603182025e+00,-3.660446438478964382e+01,-3.093925462670713555e-01,1.553168744487170259e-02,3.934486617243009021e-02,-2.137763879213696594e+00,-1.375600510245100550e+00,-4.777322757774763673e+00
4.300000000000000000e+01,2.285093759382989163e+02,2.693827212627356360e+00,-3.676738140776054564e+01,-3.113553746699749269e-01,1.710768687504134536e-02,3.962990580596794515e-02,-2.274041411377096811e+00,-1.353564842448690797e+00,-4.955199369131893405e+00
4.400000000000000000e+01,2.294179937526570825e+02,2.713165692410777652e+00,-3.691968312770372052e+01,-3.134324117258276976e-01,1.854900483664114960e-02,4.038019125422141059e-02,-2.409660122309346342e+00,-1.337370056691148168e+00,-5.136574553956942069e+00
4.500000000000000000e+01,2.302726057185364539e+02,2.734360664578717071e+00,-3.706222783891611527e+01,-3.155887676656655705e-01,1.973820271360691297e-02,4.152005922065536703e-02,-2.543615802597362308e+00,-1.327238970608298319e+00,-5.322409034231548652e+00
4.600000000000000000e+01,2.310806741677692173e+02,2.756591614728734818e+00,-3.719564637094330806e+01,-3.177705403730426981e-01,2.058652833472570179e-02,4.293957152750984413e-02,-2.674811006213736242e+00,-1.323245835553039651e+00,-5.513655207443672879e+00
4.700000000000000000e+01,2.318472175635364181e+02,2.778873219903622793e+00,-3.732037251087042762e+01,-3.199112376536553115e-01,2.104134748482842585e-02,4.450559327412479532e-02,-2.801878537863792040e+00,-1.325302626137012219e+00,-5.711438212610124410e+00
4.800000000000000000e+01,2.325749078353233585e+02,2.800163870369095864e+00,-3.743668975458467685e+01,-3.219396657718965882e-01,2.109039558989594595e-02,4.607522952833786878e-02,-2.922995908708142743e+00,-1.333143551157855322e+00,-5.917257052713825516e+00
4.900000000000000000e+01,2.332643667986865523e+02,2.819481627144876157e+00,-3.754478763109629114e+01,-3.237884807211252047e-01,2.076210651902413509e-02,4.751051223398140150e-02,-3.035618189648683352e+00,-1.346308034395829578e+00,-6.133277135709510830e+00
5.000000000000000000e+01,2.339146302202329650e+02,2.836014082945243597e+00,-3.764481965408621988e+01,-3.254023209731773947e-01,2.012161696269202521e-02,4.869277475929536386e-02,-3.136031395163180857e+00,-1.364119918506581541e+00,-6.362809300705969839e+00
5.100000000000000000e+01,2.345237298615223267e+02,2.849207487583181209e+00,-3.773695537928799126e+01,-3.267443630852454595e-01,1.926262533610023295e-02,4.953489437599024880e-02,-3.218559420629304668e+00,-1.385654545205357246e+00,-6.611138150400432067e+00
5.200000000000000000e+01,2.350893299398039176e+02,2.858822558418146809e+00,-3.782142091591563826e+01,-3.278003363132176440e-01,1.829598542523865057e-02,4.998968674704463294e-02,-3.274144321646904388e+00,-1.409672250122049997e+00,-6.886975083784682816e+00
5.300000000000000000e+01,2.356093477496149546e+02,2.864949536497798821e+00,-3.789852488122254215e+01,-3.285794732864614209e-01,1.733653800658468622e-02,5.005325407042549024e-02,-3.287995460065616271e+00,-1.434471283207766845e+00,-7.204835993621736101e+00
5.400000000000000000e+01,2.360824906579106539e+02,2.867982006520582772e+00,-3.796866934937877858e+01,-3.291124367991593580e-01,1.649002704329286320e-02,4.976291855269985437e-02,-3.237100620144528040e+00,-1.457582802021244239e+00,-7.587547241779622809e+00
5.500000000000000000e+01,2.365086535331634252e+02,2.868555827342635034e+00,-3.803234718704364781e+01,-3.294467784822385781e-01,1.584189633807809791e-02,4.919029106028568327e-02,-3.095205107588283155e+00,-1.475339084707914861e+00,-8.061272408746479101e+00
5.600000000000000000e+01,2.368891400818208695e+02,2.867464421696888088e+00,-3.809012810162312945e+01,-3.296408140953713817e-01,1.544934071342019856e-02,4.843077753995165408e-02,-2.867611936577893594e+00,-1.483222721492589491e+00,-8.620707076032545046e+00
5.700000000000000000e+01,2.372266951254511866e+02,2.865563721184257506e+00,-3.814263599525397552e+01,-3.297568907294864959e-01,1.533733643512451630e-02,4.759123620703726437e-02,-2.633774639717532562e+00,-1.478965840965200895e+00,-9.186471946686269874e+00
5.800000000000000000e+01,2.375253584973644649e+02,2.863679378599656822e+00,-3.819052023151435549e+01,-3.298549213231455335e-01,1.549869290684222252e-02,4.677752876294283269e-02,-2.477855781775051280e+00,-1.465354442982434335e+00,-9.674533929901786067e+00
5.900000000000000000e+01,2.377901713353429045e+02,2.862526221395882864e+00,-3.823442352345298190e+01,-3.299868305632416843e-01,1.589761475454621806e-02,4.608342657387450719e-02,-2.410158166868706431e+00,-1.447268146031591707e+00,-1.007475116739099974e+01
6.000000000000000000e+01,2.380267796551209187e+02,2.862646700070339278e+00,-3.827494943419107187e+01,-3.301923156802452075e-01,1.647592310768938861e-02,4.558189527417275816e-02,-2.405012394849812551e+00,-1.428405941698782877e+00,-1.041296112742478641e+01
6.100000000000000000e+01,2.382409872669467177e+02,2.864371938422195285e+00,-3.831263269382499459e+01,-3.304961397872245854e-01,1.716095726808766764e-02,4.531933351128100695e-02,-2.438594841641327449e+00,-1.410990029217866093e+00,-1.071314005360190791e+01
6.200000000000000000e+01,2.384383106293039418e+02,2.867806477280289812e+00,-3.834791554479032527e+01,-3.309070269102774575e-01,1.787420031745877089e-02,4.531295642320780359e-02,-2.495281235686795274e+00,-1.396315139592760213e+00,-1.099103047018481760e+01
6.300000000000000000e+01,2.386235832307523026e+02,2.872835975475060533e+00,-3.838113289338954104e+01,-3.314181305323607440e-01,1.853977362026683687e-02,4.555123437712359225e-02,-2.565263133505736537e+00,-1.385133115791192360e+00,-1.125651084349104458e+01
6.400000000000000000e+01,2.388006479863983600e+02,2.879155706131755643e+00,-3.841250807932870970e+01,-3.320089652843518091e-01,1.909206709903129781e-02,4.599709939261025643e-02,-2.642063303501434035e+00,-1.377845545148179029e+00,-1.151607234051919981e+01
6.500000000000000000e+01,2.389721643187905897e+02,2.886316390526660669e+00,-3.844215970944819105e+01,-3.326485983933511470e-01,1.948188925337100696e-02,4.659347501381316120e-02,-2.720972573215317603e+00,-1.374594249921000433e+00,-1.177438060295856204e+01
6.600000000000000000e+01,2.391395432818328288e+02,2.893782584034209737e+00,-3.847011846803056301e+01,-3.332997863113176251e-01,1.968064012816583830e-02,4.727053721496056460e-02,-2.798119768814450570e+00,-1.375302771940748015e+00,-1.203521083353261645e+01
6.700000000000000000e+01,2.393030103475461488e+02,2.900997534876731621e+00,-3.849635142195094772e+01,-3.339236254859959674e-01,1.968215719548715992e-02,4.795396606144885360e-02,-2.869884237533969262e+00,-1.379693609482548489e+00,-1.230204600540625393e+01
6.800000000000000000e+01,2.394617823399534302e+02,2.907447464393981829e+00,-3.852079037864877620e+01,-3.344841949131622805e-01,1.950208273510991089e-02,4.857332313250907474e-02,-2.932483644587353666e+00,-1.387292077453032180e+00,-1.257850416021534379e+01
6.900000000000000000e+01,2.396143335576771563e+02,2.912717963684850364e+00,-3.854336052054813422e+01,-3.349526385161309960e-01,1.917485628952175433e-02,4.906963317032651817e-02,-2.981670332644322130e+00,-1.397421288073604106e+00,-1.286865961233623068e+01
7.000000000000000000e+01,2.397587175143038678e+02,2.916535986491774590e+00,-3.856400586069191405e+01,-3.353101941736394420e-01,1.874872138123732240e-02,4.940130658892342985e-02,-3.012576340832453070e+00,-1.409190852953406070e+00,-1.317721574363572401e+01
7.100000000000000000e+01,2.398929059784426272e+02,2.918792809171404823e+00,-3.858270890140382647e+01,-3.355498258206214834e-01,1.827939928158410152e-02,4.954773583749743499e-02,-3.019919407223656371e+00,-1.421485873643831610e+00,-1.350931485001123278e+01
7.200000000000000000e+01,2.400151067993491552e+02,2.919546055045779021e+00,-3.859950297840160260e+01,-3.356763287867016166e-01,1.782326190415907050e-02,4.951021650192498347e-02,-2.999048767993175435e+00,-1.432978558821158765e+00,-1.386950436854620961e+01
7.300000000000000000e+01,2.401240264494427095e+02,2.919001896202936486e+00,-3.861447686898800669e+01,-3.357050084610792573e-01,1.743088293523670576e-02,4.931022627762002980e-02,-2.948437928424636922e+00,-1.442217865610005756e+00,-1.425925109185717865e+01
7.400000000000000000e+01,2.402190516703585672e+02,2.917481213983394106e+00,-3.862777214306055384e+01,-3.356592268051972749e-01,1.714174714420029638e-02,4.898546168187149080e-02,-2.873302339824042928e+00,-1.447878993394696501e+00,-1.467332499924449607e+01
7.500000000000000000e+01,2.403003357866404315e+02,2.915375310764604322e+00,-3.863957436764408016e+01,-3.355672332374413647e-01,1.698067803683411120e-02,4.858430874203750055e-02,-2.787288650284672542e+00,-1.449176987362519320e+00,-1.509810636171494913e+01
7.600000000000000000e+01,2.403687874597032703e+02,2.913097487304974642e+00,-3.865009966858509216e+01,-3.354587340078078461e-01,1.695625824376627289e-02,4.815956432023211359e-02,-2.708176157066334966e+00,-1.446211562477527135e+00,-1.551587642597112904e+01
7.700000000000000000e+01,2.404259711543708136e+02,2.911036499106296471e+00,-3.865957837923039619e+01,-3.353616188726915026e-01,1.706122839596334664e-02,4.776222318989541832e-02,-2.649709528038355355e+00,-1.439916894861105412e+00,-1.591297392605511440e+01
7.800000000000000000e+01,2.404739379294329069e+02,2.909516863056662128e+00,-3.866823762117174113e+01,-3.352991816083639720e-01,1.727461011986515874e-02,4.743603054045709977e-02,-2.617206510002080044e+00,-1.431645383197857724e+00,-1.628417517365327427e+01
7.900000000000000000e+01,2.405150114003322699e+02,2.908769552264640179e+00,-3.867628467545216608e+01,-3.352880694227030611e-01,1.756513513916424865e-02,4.721331592957297985e-02,-2.609182760088140984e+00,-1.422738560840994593e+00,-1.663105702151173304e+01
8.000000000000000000e+01,2.405515564885595268e+02,2.908915091506635076e+00,-3.868389288609224508e+01,-3.353370948813944596e-01,1.789547903931633377e-02,4.711241755875109072e-02,-2.620969891957349862e+00,-1.414300114974016864e+00,-1.695836786738794189e+01
8.100000000000000000e+01,2.405857580046713622e+02,2.909959639344132043e+00,-3.869119155660773401e+01,-3.354469518522230076e-01,1.822678222690031491e-02,4.713680751778301370e-02,-2.647233264455755464e+00,-1.407140391738896712e+00,-1.727150117732927370e+01
8.200000000000000000e+01,2.406194327046094372e+02,2.911803395000574390e+00,-3.869826084161273627e+01,-3.356107959165094412e-01,1.852297321128453314e-02,4.727585597296605352e-02,-2.683045580699565669e+00,-1.401796834604056130e+00,-1.757541616798015838e+01
8.300000000000000000e+01,2.406538929074587543e+02,2.914259608193556339e+00,-3.870513203112995626e+01,-3.358155776912817303e-01,1.875447426631711434e-02,4.750702917970173883e-02,-2.724130868785050730e+00,-1.398571505645785473e+00,-1.787439145853149824e+01
8.400000000000000000e+01,2.406898728389402891e+02,2.917081594858300875e+00,-3.871179295224314387e+01,-3.360439536576156350e-01,1.890095707161193114e-02,4.779920118018136932e-02,-2.766780209471150442e+00,-1.397564193123329135e+00,-1.817211036728488693e+01
8.500000000000000000e+01,2.407275213436263641e+02,2.919994495550443769e+00,-3.871819757712351162e+01,-3.362765465482175364e-01,1.895292222175600644e-02,4.811667185298782595e-02,-2.807688945184987794e+00,-1.398697196958403222e+00,-1.847182781657990702e+01
8.600000000000000000e+01,2.407664572334345507e+02,2.922728120730228696e+00,-3.872427843566050143e+01,-3.364942932900799599e-01,1.891199954341643216e-02,4.842342920886932162e-02,-2.843820716672396109e+00,-1.401733740656298854e+00,-1.877651288050437728e+01
8.700000000000000000e+01,2.408058770033330518e+02,2.925047192855777745e+00,-3.872996016527695673e+01,-3.366806115926114784e-01,1.879000108044479728e-02,4.868718028612030457e-02,-2.872350102922938575e+00,-1.406293595650507600e+00,-1.908891432439954272e+01
8.800000000000000000e+01,2.408446995618812991e+02,2.926775682727948524e+00,-3.873517252210684347e+01,-3.368231426951515672e-01,1.860689445173221296e-02,4.888271147239343917e-02,-2.890728333604240419e+00,-1.411870483969917656e+00,-1.941150363625603603e+01
8.900000000000000000e+01,2.408817294805606082e+02,2.927812745152884588e+00,-3.873986140397669686e+01,-3.369148875334608828e-01,1.838798423486797187e-02,4.899422855323222470e-02,-2.896921860210837973e+00,-1.417857467073485589e+00,-1.974624470873227011e+01
9.000000000000000000e+01,2.409158193538625881e+02,2.928138895337486058e+00,-3.874399682985399807e+01,-3.369546387995294157e-01,1.816067406766360207e-02,4.901646198055568254e-02,-2.889854869304810947e+00,-1.423588633641703405e+00,-2.009415814882356344e+01
9.100000000000000000e+01,2.409460132180579137e+02,2.927812360077767018e+00,-3.874757729483314961e+01,-3.369467076714930953e-01,1.795121685025041769e-02,4.895448540488708117e-02,-2.869995037492661716e+00,-1.428405559103919309e+00,-2.045474021304736212e+01
9.200000000000000000e+01,2.409716563516064696e+02,2.926956773911233434e+00,-3.875063039150585809e+01,-3.369000343609607206e-01,1.778183826488765815e-02,4.882235956072433769e-02,-2.839834164224047441e+00,-1.431750091385030954e+00,-2.082548434622045974e+01
9.300000000000000000e+01,2.409924616630162291e+02,2.925742373183144007e+00,-3.875320999850441694e+01,-3.368268412330795436e-01,1.766854480634990482e-02,4.864085243466316488e-02,-2.803845050194693211e+00,-1.433267068740978756e+00,-2.120192391128512810e+01
9.400000000000000000e+01,2.410085285666744426e+02,2.924363438966927742e+00,-3.875539065510674419e+01,-3.367410272132839721e-01,1.761981683550307293e-02,4.843457976448987262e-02,-2.767624240691602733e+00,-1.432879426922949673e+00,-2.157848675771669278e+01
9.500000000000000000e+01,2.410203159889778988e+02,2.923014911049127029e+00,-3.875725995983285088e+01,-3.366565109042077841e-01,1.763626074655126261e-02,4.822894762280603709e-02,-2.736468961900473840e+00,-1.430796754687456485e+00,-2.194991380891136856e+01
9.600000000000000000e+01,2.410285762265827998e+02,2.921870881172042633e+00,-3.875890995456720134e+01,-3.365857118164147233e-01,1.771117309458571099e-02,4.804726306964175742e-02,-2.714120988442839444e+00,-1.427449739391171146e+00,-2.231250958881998869e+01
9.700000000000000000e+01,2.410342602439145594e+02,2.921067170678723013e+00,-3.876042848837806076e+01,-3.365383222632807314e-01,1.783186967453514668e-02,4.790832047364523838e-02,-2.702262502154912038e+00,-1.423382910239913146e+00,-2.266464034234357428e+01
9.800000000000000000e+01,2.410384073136226846e+02,2.920689521045232606e+00,-3.876189149868143602e+01,-3.365204751346660417e-01,1.798156324868214681e-02,4.782468531938435102e-02,-2.700755295806755107e+00,-1.419150427569922934e+00,-2.300648908291372052e+01
9.900000000000000000e+01,2.410420325665622556e+02,2.920768181367026983e+00,-3.876335700371628690e+01,-3.365343618135510084e-01,1.814153726001023481e-02,4.780179933356808186e-02,-2.708227964719234215e+00,-1.415241813953833194e+00,-2.333946351802037356e+01
1.000000000000000000e+02,2.410460251261001758e+02,2.921278946291888445e+00,-3.876486137757537875e+01,-3.365783047186443055e-01,1.829335697644726005e-02,4.783793292932374264e-02,-2.722649850916062153e+00,-1.412041114039942702e+00,-2.366561854105708917e+01
1.010000000000000000e+02,2.410510673097529093e+02,2.922150037752234031e+00,-3.876641819651317888e+01,-3.366472434672346803e-01,1.842087922673844511e-02,4.792492193589396876e-02,-2.741737297997085765e+00,-1.409810776650267883e+00,-2.398724801351895408e+01
1.020000000000000000e+02,2.410575822455291757e+02,2.923273673593822508e+00,-3.876801963443335097e+01,-3.367335548033901782e-01,1.851186184682876087e-02,4.804955095758542405e-02,-2.763190992420504255e+00,-1.408690177233851593e+00,-2.430664715884347515e+01
1.030000000000000000e+02,2.410657135791613825e+02,2.924520757348077371e+00,-3.876964008635856374e+01,-3.368280965575634611e-01,1.855902911154260621e-02,4.819538934248196460e-02,-2.784820718419473096e+00,-1.408701831640616353e+00,-2.462598915315484760e+01
1.040000000000000000e+02,2.410753371616558809e+02,2.925756884245317213e+00,-3.877124145230861529e+01,-3.369213475219761111e-01,1.856051489690999090e-02,4.834485075847987090e-02,-2.804616779608644972e+00,-1.409761814227201926e+00,-2.494725640449473758e+01
1.050000000000000000e+02,2.410861011029573433e+02,2.926857811924403752e+00,-3.877277935357433591e+01,-3.370045105371463623e-01,1.851967573105093093e-02,4.848123636642594214e-02,-2.820813151662833640e+00,-1.411693375726780442e+00,-2.527218106596944125e+01
1.060000000000000000e+02,2.410974877051943963e+02,2.927722699656288619e+00,-3.877420949708805864e+01,-3.370704565017254573e-01,1.844433487687329939e-02,4.859053596121644392e-02,-2.831971551803196263e+00,-1.414244268769309754e+00,-2.560216512008381784e+01
1.070000000000000000e+02,2.411088888178093441e+02,2.928283764332210826e+00,-3.877549345132961633e+01,-3.371144117196793744e-01,1.834557891450960473e-02,4.866280034349006883e-02,-2.837099088864788232e+00,-1.417109039710701568e+00,-2.593816686523436843e+01
1.080000000000000000e+02,2.411196852527756960e+02,2.928511494405329429e+00,-3.877660323191251024e+01,-3.371343269179185032e-01,1.823627277677877107e-02,4.869295750362311048e-02,-2.835790767837313542e+00,-1.419957494354499916e+00,-2.628056205867188311e+01
1.090000000000000000e+02,2.411293211040811286e+02,2.928415138653282845e+00,-3.877752428815002617e+01,-3.371309082826158821e-01,1.812948216236521387e-02,4.868101753718388075e-02,-2.828359898741019673e+00,-1.422469370606362915e+00,-2.662901628344989646e+01
1.100000000000000000e+02,2.411373650454381163e+02,2.928038764671494931e+00,-3.877825670090188481e+01,-3.371073327715721213e-01,1.803699097240478791e-02,4.863168676801239015e-02,-2.815892408251470247e+00,-1.424372689852928309e+00,-2.698243228878901334e+01
1.110000000000000000e+02,2.411435527292319705e+02,2.927453683136725715e+00,-3.877881461692539489e+01,-3.370687058116633716e-01,1.796807692446189889e-02,4.855347993546670071e-02,-2.800156580000763284e+00,-1.425479814672071743e+00,-2.733904067730670917e+01
1.120000000000000000e+02,2.411478069841403453e+02,2.926748395606998621e+00,-3.877922413279171820e+01,-3.370213448139969814e-01,1.792866548607720267e-02,4.845747159054619030e-02,-2.783340110083647456e+00,-1.425712745096542999e+00,-2.769666210269713247e+01
1.130000000000000000e+02,2.411502352683125707e+02,2.926017410925815465e+00,-3.877951998723574434e+01,-3.369719844798252928e-01,1.792092803498089928e-02,4.835585828693542143e-02,-2.767665217379305265e+00,-1.425110090944596175e+00,-2.805309041890004096e+01
1.140000000000000000e+02,2.411511064412391363e+02,2.925350283588553424e+00,-3.877974151657205226e+01,-3.369269996630873121e-01,1.794333298581888073e-02,4.826050993992288263e-02,-2.755000783905984019e+00,-1.423813272135040275e+00,-2.840647808258250606e+01
1.150000000000000000e+02,2.411508110792706532e+02,2.924822078163537675e+00,-3.877992837047988672e+01,-3.368917304429802084e-01,1.799110617534832243e-02,4.818167376524640916e-02,-2.746593431553018938e+00,-1.422036361703378660e+00,-2.875560223464325205e+01
1.160000000000000000e+02,2.411498110663443128e+02,2.924486195574746095e+00,-3.878011647550479069e+01,-3.368699749273944000e-01,1.805701488623053658e-02,4.812696211506790195e-02,-2.742974709843765790e+00,-1.420028507202385715e+00,-2.909995463087625822e+01
1.170000000000000000e+02,2.411485849299394886e+02,2.924370155459947274e+00,-3.878033467463745154e+01,-3.368636913472065064e-01,1.813236196489736649e-02,4.810071229250669628e-02,-2.744021801190708043e+00,-1.418037913908593017e+00,-2.943967833457983474e+01
1.180000000000000000e+02,2.411475753492042600e+02,2.924474558881457575e+00,-3.878060237046548764e+01,-3.368729252069041502e-01,1.820806372609527768e-02,4.810375821656694834e-02,-2.749105577133307055e+00,-1.416283162681561736e+00,-2.977541760019758854e+01
1.190000000000000000e+02,2.411471445124146271e+02,2.924775096970358756e+00,-3.878092836785016573e+01,-3.368959522050721245e-01,1.827568710894400192e-02,4.813360615746570953e-02,-2.757261578750036524e+00,-1.414933842441375100e+00,-3.010814555840160978e+01
1.200000000000000000e+02,2.411475416880553269e+02,2.925227156182776955e+00,-3.878131096487558693e+01,-3.369296054721070410e-01,1.832833600778385752e-02,4.818496419940946490e-02,-2.767344791622082134e+00,-1.414099908509350190e+00,-3.043900892408149161e+01
1.210000000000000000e+02,2.411488856870600728e+02,2.925772325283108266e+00,-3.878173919544375536e+01,-3.369697381614443765e-01,1.836130124388148099e-02,4.825054109738942387e-02,-2.778154969832105969e+00,-1.413828154421623351e+00,-3.076920296972463120e+01
1.220000000000000000e+02,2.411511630442821286e+02,2.926345951667622014e+00,-3.878219500093624816e+01,-3.370117609815523885e-01,1.837242019632822146e-02,4.832200728282054492e-02,-2.788535399059847819e+00,-1.414104199524708783e+00,-3.109987378255372903e+01
1.230000000000000000e+02,2.411542409460269880e+02,2.926884836519666688e+00,-3.878265601670156570e+01,-3.370511898214289537e-01,1.836212726100540371e-02,4.839100048783106373e-02,-2.797454051720752233e+00,-1.414858836787635354e+00,-3.143203868741438711e+01
1.240000000000000000e+02,2.411578923681763342e+02,2.927334202033303079e+00,-3.878309861140310488e+01,-3.370841415268264751e-01,1.833321141962776166e-02,4.845006129108752474e-02,-2.804075203456881660e+00,-1.415978040082709111e+00,-3.176651654987865925e+01
1.250000000000000000e+02,2.411618297193682849e+02,2.927653201700197716e+00,-3.878350081641358571e+01,-3.371077256547185819e-01,1.829032861987695685e-02,4.849339910797127728e-02,-2.807824617454411698e+00,-1.417316177692252266e+00,-3.210386461289171223e+01
1.260000000000000000e+02,2.411657426081198992e+02,2.927818457734564284e+00,-3.878384482463113159e+01,-3.371202953356675636e-01,1.823934105901056993e-02,4.851741469483216579e-02,-2.808444394883943929e+00,-1.418711914532747365e+00,-3.244432553342307557e+01
1.270000000000000000e+02,2.411693352140688376e+02,2.927825370021892581e+00,-3.878411881397570937e+01,-3.371215391283149954e-01,1.818657026094530269e-02,4.852093781119651283e-02,-2.806026630239657038e+00,-1.420005884416059683e+00,-3.278779527701370000e+01
1.280000000000000000e+02,2.411723591216373279e+02,2.927687214620143585e+00,-3.878431794772570385e+01,-3.371124154320331301e-01,1.813805466647428963e-02,4.850517410109898148e-02,-2.801011087434452929e+00,-1.421058559821153588e+00,-3.313382650454207834e+01
1.290000000000000000e+02,2.411746382915686695e+02,2.927432302244054707e+00,-3.878444450816451194e+01,-3.370949490799169390e-01,1.809889539951574020e-02,4.847338903651222247e-02,-2.794134661683252752e+00,-1.421766085402771829e+00,-3.348167960348635575e+01
1.300000000000000000e+02,2.411760839781277070e+02,2.927099668518555298e+00,-3.878450721921822009e+01,-3.370719240089667390e-01,1.807275746574036127e-02,4.843038483439070230e-02,-2.786331053355119991e+00,-1.422071558490555665e+00,-3.383042292630792502e+01
1.310000000000000000e+02,2.411766986948725275e+02,2.926733897433429377e+00,-3.878451989778860565e+01,-3.370465149584258580e-01,1.806157059101539189e-02,4.838184556241002798e-02,-2.778594960264139768e+00,-1.421969689218406163e+00,-3.417906798512576927e+01
1.320000000000000000e+02,2.411765696292913503e+02,2.926379728162768590e+00,-3.878449963520560573e+01,-3.370219044019005517e-01,1.806544759714659443e-02,4.833363456212261267e-02,-2.771838655028582288e+00,-1.421504008350620296e+00,-3.452671184633809531e+01
1.330000000000000000e+02,2.411758530579023443e+02,2.926077065437759916e+00,-3.878446474552534795e+01,-3.370009286150266181e-01,1.808281211955219819e-02,4.829112674266019395e-02,-2.766772243606856918e+00,-1.420757422912973356e+00,-3.487265557667425497e+01
1.340000000000000000e+02,2.411747521995151828e+02,2.925856916609888447e+00,-3.878443272495769634e+01,-3.369857898015902187e-01,1.811070465287797221e-02,4.825864747432023760e-02,-2.763830059426598318e+00,-1.419838295392845673e+00,-3.521647645135347204e+01
1.350000000000000000e+02,2.411734914869055899e+02,2.925738632370226799e+00,-3.878441844773568192e+01,-3.369778608346617466e-01,1.814521864526930442e-02,4.823907194412192789e-02,-2.763149803782882330e+00,-1.418864831062093046e+00,-3.555804747654542552e+01
1.360000000000000000e+02,2.411722904038155946e+02,2.925728653798228329e+00,-3.878443278179545217e+01,-3.369775968767204644e-01,1.818200799049015173e-02,4.823361664776173313e-02,-2.764596565309151988e+00,-1.417950322936142316e+00,-3.589751223644565670e+01
1.370000000000000000e+02,2.411713398375964061e+02,2.925820787235500209e+00,-3.878448174835817497e+01,-3.369845553796247395e-01,1.821680420275279683e-02,4.824183101725548067e-02,-2.767816293056291954e+00,-1.417191034895297630e+00,-3.623523059997501150e+01
1.380000000000000000e+02,2.411707833896115574e+02,2.925997859841956483e+00,-3.878456628019313968e+01,-3.369975140621460086e-01,1.824588541173667589e-02,4.826177465231566710e-02,-2.772303058333219550e+00,-1.416657623122917764e+00,-3.657171101878977026e+01
1.390000000000000000e+02,2.411707053468362290e+02,2.926234468863490701e+00,-3.878468256224040545e+01,-3.370146665491958182e-01,1.826644906190677542e-02,4.829034646135734604e-02,-2.777468534525363353e+00,-1.416390298523717561e+00,-3.690754100753193256e+01
1.400000000000000000e+02,2.411711261481656550e+02,2.926500438858103514e+00,-3.878482287363820546e+01,-3.370338683060321028e-01,1.827685435861136146e-02,4.832371792127702903e-02,-2.782707119299551390e+00,-1.416397512386885715e+00,-3.724332235652720868e+01
1.410000000000000000e+02,2.411720052831716998e+02,2.926764550956901356e+00,-3.878497679923070507e+01,-3.370529018774073293e-01,1.827671729244468440e-02,4.835781472616536292e-02,-2.787453849671115869e+00,-1.416657755484930670e+00,-3.757961386144993554e+01
1.420000000000000000e+02,2.411732507395680329e+02,2.926998109097782130e+00,-3.878513264650194259e+01,-3.370697304530894112e-01,1.826685856713211251e-02,4.838878975231251239e-02,-2.791234005648319805e+00,-1.417123993444137087e+00,-3.791688257944498019e+01
1.430000000000000000e+02,2.411747334533195044e+02,2.927177957119707408e+00,-3.878527889309854970e+01,-3.370827122450419377e-01,1.824912104714195363e-02,4.841343527983972550e-02,-2.793703314449217157e+00,-1.417730221613917596e+00,-3.825546458767281166e+01
1.440000000000000000e+02,2.411763047738107844e+02,2.927288649567065359e+00,-3.878540550029962475e+01,-3.370907545113905335e-01,1.822608671787241674e-02,4.842949287968458666e-02,-2.794676683519514704e+00,-1.418399548579875269e+00,-3.859553720052659997e+01
1.450000000000000000e+02,2.411778147689937271e+02,2.927323595671130096e+00,-3.878550495600872239e+01,-3.370933944074189781e-01,1.820073228051753006e-02,4.843583382495485201e-02,-2.794142338311975227e+00,-1.419053090835719955e+00,-3.893710566388539007e+01
1.460000000000000000e+02,2.411791292647597231e+02,2.927285125122191189e+00,-3.878557295218765688e+01,-3.370908030839417369e-01,1.817606658775990786e-02,4.843249943799861346e-02,-2.792258071620337567e+00,-1.419618809796452608e+00,-3.928000753512178278e+01
1.470000000000000000e+02,2.411801438127238555e+02,2.927183550017019797e+00,-3.878560865016914505e+01,-3.370837184324940172e-01,1.815479200009826807e-02,4.842060738926287633e-02,-2.789327731682879730e+00,-1.420039313663252534e+00,-3.962393656643823192e+01
1.480000000000000000e+02,2.411807932606463964e+02,2.927035405217989883e+00,-3.878561453684373816e+01,-3.370733195460028919e-01,1.813902588145967915e-02,4.840214467261644976e-02,-2.785759177199273129e+00,-1.420277665557035940e+00,-3.996848484152733505e+01
1.490000000000000000e+02,2.411810561924008312e+02,2.926861127984902389e+00,-3.878559591974907050e+01,-3.370610615197700000e-01,1.813010888419703051e-02,4.837967920240201364e-02,-2.782008922859133815e+00,-1.420320448776074773e+00,-4.031319795331148725e+01
1.500000000000000000e+02,2.411809541342987018e+02,2.926682480331527447e+00,-3.878556014513102213e+01,-3.370484921910692488e-01,1.812851480619979971e-02,4.835602866579186837e-02,-2.778522096632222826e+00,-1.420177738466530615e+00,-4.065763464211343603e+01
1.510000000000000000e+02,2.411805460177426994e+02,2.926520022281853262e+00,-3.878551564702411270e+01,-3.370370726965684627e-01,1.813386420867111465e-02,4.833392701716650308e-02,-2.775677631402800216e+00,-1.419880133037705994e+00,-4.100142103454992792e+01
1.520000000000000000e+02,2.411799188806039069e+02,2.926390913882870759e+00,-3.878547094575997534e+01,-3.370280215339442886e-01,1.814503217729606863e-02,4.831572604634318951e-02,-2.773747173555287659e+00,-1.419473471028594336e+00,-4.134429107681388871e+01
1.530000000000000000e+02,2.411791761339796949e+02,2.926307265049707951e+00,-3.878543371099848258e+01,-3.370221976237806616e-01,1.816033086525959891e-02,4.830316254661842085e-02,-2.772872611798838260e+00,-1.419012171050816562e+00,-4.168610833914517144e+01
1.540000000000000000e+02,2.411784248902833667e+02,2.926275174157243253e+00,-3.878540998871920209e+01,-3.370200323234652795e-01,1.817774068054357414e-02,4.829721188199002924e-02,-2.773062873179520604e+00,-1.418552221353891030e+00,-4.202686861928334139e+01
1.550000000000000000e+02,2.411777638379580821e+02,2.926294509009099709e+00,-3.878540366612640611e+01,-3.370215141652393442e-01,1.819516065461114843e-02,4.829803753146570677e-02,-2.774207170209617157e+00,-1.418144732494908578e+00,-4.236668622257770522e+01
1.560000000000000000e+02,2.411772729729672733e+02,2.926359397629438419e+00,-3.878541621652760796e+01,-3.370262239894535328e-01,1.821064871489882706e-02,4.830503482487151501e-02,-2.776100004009518507e+00,-1.417830729032483639e+00,-4.270576865659919008e+01
1.570000000000000000e+02,2.411770061899845814e+02,2.926459320406921805e+00,-3.878544673188439162e+01,-3.370334127637799049e-01,1.822262596251499056e-02,4.831695681693864985e-02,-2.778472899061081858e+00,-1.417637582211255243e+00,-4.304438478528768286e+01
1.580000000000000000e+02,2.411769873412170568e+02,2.926580636824112958e+00,-3.878549221792134460e+01,-3.370421102389814516e-01,1.823002500843580106e-02,4.833210208919577755e-02,-2.781028510514297558e+00,-1.417577238833557018e+00,-4.338283079960766742e+01
1.590000000000000000e+02,2.411772099384834291e+02,2.926708344313586618e+00,-3.878554809904218814e+01,-3.370512500494508568e-01,1.823237011023335144e-02,4.834853893796304397e-02,-2.783473750657373902e+00,-1.417646209354449294e+00,-4.372139733519321680e+01
1.600000000000000000e+02,2.411776402551973320e+02,2.926827855986256832e+00,-3.878560886065575630e+01,-3.370597960920923009e-01,1.822978532168237006e-02,4.836433827308225797e-02,-2.785549460558217838e+00,-1.417827139229557387e+00,-4.406034017128231284e+01
1.610000000000000000e+02,2.411782232246383728e+02,2.926926597582376388e+00,-3.878566874654611496e+01,-3.370668559818978394e-01,1.822293514471789652e-02,4.837778862765352433e-02,-2.787054720211983305e+00,-1.418091686227436865e+00,-4.439985636674865788e+01
1.620000000000000000e+02,2.411788902649046520e+02,2.926995258880691342e+00,-3.878572242905607226e+01,-3.370717698684338459e-01,1.821290936141712821e-02,4.838757063110351447e-02,-2.787864201393020380e+00,-1.418404347050330250e+00,-4.474006737349262153e+01
1.630000000000000000e+02,2.411795680118127336e+02,2.927028585652977188e+00,-3.878576557928015234e+01,-3.370741665254903263e-01,1.820106909737751258e-02,4.839287449703202210e-02,-2.787937222794469427e+00,-1.418726811994653669e+00,-4.508101041395688924e+01
1.640000000000000000e+02,2.411801869167204870e+02,2.927025658248028073e+00,-3.878579528135054488e+01,-3.370739829065066973e-01,1.818887424512127815e-02,4.839345167778348611e-02,-2.787317602342412215e+00,-1.419022381109139364e+00,-4.542263898201680661e+01
1.650000000000000000e+02,2.411806887602788549e+02,2.926989664568499627e+00,-3.878581025670492011e+01,-3.370714477543638732e-01,1.817771296468828623e-02,4.838959988322093231e-02,-2.786124177036866101e+00,-1.419259963641485101e+00,-4.576483256341298755e+01
1.660000000000000000e+02,2.411810323261526321e+02,2.926927231394189644e+00,-3.878581088808256538e+01,-3.370670338512721242e-01,1.816875218560842428e-02,4.838208820331288407e-02,-2.784532972311340338e+00,-1.419417221668766604e+00,-4.610741457547817390e+01
1.670000000000000000e+02,2.411811967417474989e+02,2.926847422685191713e+00,-3.878579905607195144e+01,-3.370613866634769029e-01,1.816282423782588848e-02,4.837203528690863646e-02,-2.782753248927684275e+00,-1.419482519133820064e+00,-4.645017629599728082e+01
1.680000000000000000e+02,2.411811822911500656e+02,2.926760542453990421e+00,-3.878577782084567360e+01,-3.370552391791777902e-01,1.816035952431564737e-02,4.836075780227588883e-02,-2.781000691654549772e+00,-1.419455494137453755e+00,-4.679290352990609847e+01
1.690000000000000000e+02,2.411810088026987557e+02,2.926676890987936375e+00,-3.878575099636787371e+01,-3.370493235162791423e-01,1.816136922111455040e-02,4.834960840288152900e-02,-2.779471483714441415e+00,-1.419346261942125320e+00,-4.713540229525102632e+01
1.700000000000000000e+02,2.411807119765925904e+02,2.926605616819134337e+00,-3.878572267265716533e+01,-3.370442894077136375e-01,1.816547608218281248e-02,4.833982210092490489e-02,-2.778320747253773426e+00,-1.419173442369787264e+00,-4.747752008218800057e+01
1.710000000000000000e+02,2.411803382198924623e+02,2.926553785051403178e+00,-3.878569674322709915e+01,-3.370406381142622698e-01,1.817198620296948952e-02,4.833238753814999428e-02,-2.777647889042087925e+00,-1.418961350780909791e+00,-4.781916018399199686e+01
1.720000000000000000e+02,2.411799386793191218e+02,2.926525749174576863e+00,-3.878567648994366124e+01,-3.370386779327981253e-01,1.817999058703952120e-02,4.832795558259633806e-02,-2.777490059414758683e+00,-1.418736771133874974e+00,-4.816028792981357043e+01
1.730000000000000000e+02,2.411795631988050559e+02,2.926522872999683500e+00,-3.878566426723960348e+01,-3.370385045925951006e-01,1.818848291051356619e-02,4.832679255987382128e-02,-2.777823584173959137e+00,-1.418525736403123183e+00,-4.850092899263905366e+01
1.740000000000000000e+02,2.411792548814641179e+02,2.926543606865692482e+00,-3.878566131342680734e+01,-3.370400068186035214e-01,1.819647913206522485e-02,4.832877990138562813e-02,-2.778572168100645889e+00,-1.418350687475253613e+00,-4.884116099907590325e+01
1.750000000000000000e+02,2.411790458162750497e+02,2.926583882618307708e+00,-3.878566770059764224e+01,-3.370428945281175315e-01,1.820312549609748309e-02,4.833345670024549734e-02,-2.779620038391346082e+00,-1.418228288496143019e+00,-4.918110028783834053e+01
1.760000000000000000e+02,2.411789543571840397e+02,2.926637759166048625e+00,-3.878568241826306462e+01,-3.370467448073861672e-01,1.820778379426699067e-02,4.834009717000877643e-02,-2.780827978262576217e+00,-1.418168067669197452e+00,-4.952088587087823157e+01
1.770000000000000000e+02,2.411789841397701082e+02,2.926698227733753210e+00,-3.878570357127560442e+01,-3.370510592044114184e-01,1.821008612229421675e-02,4.834781173275735228e-02,-2.782050277935057991e+00,-1.418171945562111569e+00,-4.986066256349871395e+01
1.780000000000000000e+02,2.411791248128924110e+02,2.926758075011222537e+00,-3.878572866125676200e+01,-3.370553250989978267e-01,1.820995534582856012e-02,4.835565868781652177e-02,-2.783150864789057266e+00,-1.418234618386297496e+00,-5.020056500607997663e+01
1.790000000000000000e+02,2.411793542733071547e+02,2.926810703586413265e+00,-3.878575491372807704e+01,-3.370590739974344552e-01,1.820759158918620890e-02,4.836275321606960803e-02,-2.784017165765296120e+00,-1.418344685533857508e+00,-5.054070400204474112e+01
1.800000000000000000e+02,2.411796420397904228e+02,2.926850821358629950e+00,-3.878577961091077242e+01,-3.370619304768736613e-01,1.820342882234779469e-02,4.836836176519395541e-02,-2.784570560280003715e+00,-1.418486349649790590e+00,-5.088115628776151311e+01
