t,u,v,w,p,q,r,phi,theta,psi,north,east,down,aileron,elevator,rudder,throttle1,throttle2
0.000000000000000000e+00,8.500000000000000000e+01,0.000000000000000000e+00,0.000000000000000000e+00,0.000000000000000000e+00,0.000000000000000000e+00,0.000000000000000000e+00,0.000000000000000000e+00,1.000000000000000056e-01,0.000000000000000000e+00,0.000000000000000000e+00,0.000000000000000000e+00,0.000000000000000000e+00,0.000000000000000000e+00,-1.000000000000000056e-01,0.000000000000000000e+00,8.000000000000000167e-02,0.000000000000000000e+00
1.000000000000000000e+00,8.324198419745619049e+01,1.504316554558233099e+00,-6.332058158472483100e+00,-8.501253640625960895e-02,-1.663555573269833721e-01,-2.009406462761434420e-02,-2.818490967161399810e-02,-5.454212049086993100e-03,-1.747630337700615405e-02,8.387965019064638739e+01,-3.061736668038711473e-02,-7.712941658117632215e+00,0.000000000000000000e+00,-1.000000000000000056e-01,0.000000000000000000e+00,8.000000000000000167e-02,0.000000000000000000e+00
2.000000000000000000e+00,8.207619518091671296e+01,1.430406870778753614e+00,-1.068154886292275840e+01,-1.868942678927562051e-01,-1.043140946691626103e-01,2.373634148172418593e-02,-1.824280939343562447e-01,-1.491325053438612713e-01,-7.857375718956674353e-04,1.668883605200752527e+02,-3.733791535398796047e-01,-1.032594017412364451e+01,0.000000000000000000e+00,-1.000000000000000056e-01,0.000000000000000000e+00,8.000000000000000167e-02,0.000000000000000000e+00
3.000000000000000000e+00,8.258636239978163474e+01,-3.729896585424350985e-01,-8.592447106339262675e+00,-6.615571593715727228e-02,-3.569361504659321338e-02,-2.504799556259208748e-02,-3.231987306104083801e-01,-2.094196705498374833e-01,2.263148845918658281e-02,2.495017900269095605e+02,-1.227568476992714430e+00,-4.946661771908908989e+00,0.000000000000000000e+00,-1.000000000000000056e-01,0.000000000000000000e+00,8.000000000000000167e-02,0.000000000000000000e+00
4.000000000000000000e+00,8.378081337945182838e+01,9.104560883513652669e-01,-6.681066379768071606e+00,-6.002433240818355609e-02,-4.998481796991122161e-02,-5.732625787862292294e-02,-3.553210787446164365e-01,-2.617994841466178557e-01,-1.307018465161256804e-02,3.320211248600748490e+02,-3.010555143316966831e+00,7.329053468548823780e+00,0.000000000000000000e+00,-1.000000000000000056e-01,0.000000000000000000e+00,8.000000000000000167e-02,0.000000000000000000e+00
5.000000000000000000e+00,8.530753635243301858e+01,1.160477075826454207e+00,-7.691082228625361061e+00,-1.554703153155052586e-01,-7.319404557901250385e-02,-2.249925518803799762e-02,-4.701967530466730216e-01,-3.359027455587028643e-01,-2.415530958793707383e-02,4.147590525929491605e+02,-6.441554724435546220e+00,2.536215330115824784e+01,0.000000000000000000e+00,-1.000000000000000056e-01,0.000000000000000000e+00,8.000000000000000167e-02,0.000000000000000000e+00
6.000000000000000000e+00,8.742245583863335412e+01,-5.120885956517845505e-02,-9.107750475548405333e+00,-8.133222550125701611e-02,-5.265229944257045908e-02,-4.632776349982633407e-02,-6.007590552857428046e-01,-4.079634359746569516e-01,-1.417218031263641626e-02,4.977688381309817487e+02,-1.181449778521414018e+01,4.962302117814159175e+01,0.000000000000000000e+00,-1.000000000000000056e-01,0.000000000000000000e+00,8.000000000000000167e-02,0.000000000000000000e+00
7.000000000000000000e+00,9.029081667626654450e+01,6.524129529925639659e-01,-8.827801441640451330e+00,-7.040716441993939700e-02,-2.465048969506169682e-02,-6.330272413156075306e-02,-6.493321804260424601e-01,-4.733170414173659690e-01,-4.469604071858609973e-02,5.810394073083938338e+02,-1.916275527043906735e+01,8.067279906953204716e+01,0.000000000000000000e+00,-1.000000000000000056e-01,0.000000000000000000e+00,8.000000000000000167e-02,0.000000000000000000e+00
8.000000000000000000e+00,9.361979596486872879e+01,6.328415382745674611e-01,-8.651570989368654097e+00,-1.128132753921992915e-01,-2.225899996712329965e-02,-4.268768219242280448e-02,-7.344538014270847182e-01,-5.228982944764004603e-01,-7.421359611489604380e-02,6.646999642286183416e+02,-2.909130665189880460e+01,1.182269238984412283e+02,0.000000000000000000e+00,-1.000000000000000056e-01,0.000000000000000000e+00,8.000000000000000167e-02,0.000000000000000000e+00
9.000000000000000000e+00,9.723790770498666802e+01,1.659621492051822078e-01,-9.464410601350003560e+00,-6.686668791182295846e-02,-1.620353874237384639e-02,-5.820507433487439458e-02,-8.129054436378805315e-01,-5.720099353651154628e-01,-9.770417458066298078e-02,7.487932615660992042e+02,-4.230499714886343554e+01,1.620032100614282911e+02,0.000000000000000000e+00,-1.000000000000000056e-01,0.000000000000000000e+00,8.000000000000000167e-02,0.000000000000000000e+00
1.000000000000000000e+01,1.012152466549176921e+02,6.160911172547309800e-01,-9.807013729964072724e+00,-8.367862336937119394e-02,-1.862434641058589944e-04,-5.378543662997966462e-02,-8.594611717673790174e-01,-6.212329550135751166e-01,-1.386559087028083059e-01,8.331918788545546022e+02,-5.912864721813552649e+01,2.120546270845898391e+02,0.000000000000000000e+00,-1.000000000000000056e-01,0.000000000000000000e+00,8.000000000000000167e-02,0.000000000000000000e+00
1.100000000000000000e+01,1.054451340070916672e+02,2.879253446204806388e-01,-1.003506345274851164e+01,-7.916607836804723242e-02,7.665540178544419901e-03,-4.869437513093845260e-02,-9.218916831224778230e-01,-6.563510122635083377e-01,-1.810409742395643895e-01,9.177318553068098481e+02,-8.011510385409404478e+01,2.682660716823083931e+02,0.000000000000000000e+00,-1.000000000000000056e-01,0.000000000000000000e+00,8.000000000000000167e-02,0.000000000000000000e+00
1.200000000000000000e+01,1.098164105845679615e+02,4.028298593054516208e-01,-1.051711796158679491e+01,-6.664696630417520085e-02,1.486429592553116519e-02,-5.343701555529929009e-02,-9.580361992776353919e-01,-6.925165041572005631e-01,-2.321147524269004947e-01,1.002182221809034445e+03,-1.059225354936122159e+02,3.304160637356304733e+02,0.000000000000000000e+00,-1.000000000000000056e-01,0.000000000000000000e+00,8.000000000000000167e-02,0.000000000000000000e+00
1.300000000000000000e+01,1.143045493123213703e+02,3.783107267174954380e-01,-1.090275835028186435e+01,-7.572858918284729179e-02,2.291849452475078902e-02,-4.518800370096613672e-02,-9.952015996717028523e-01,-7.221485458150342929e-01,-2.888485855879677766e-01,1.086198575015329197e+03,-1.370848709561672365e+02,3.983284913028885512e+02,0.000000000000000000e+00,-1.000000000000000056e-01,0.000000000000000000e+00,8.000000000000000167e-02,0.000000000000000000e+00
1.400000000000000000e+01,1.188438876457941831e+02,3.246812874170014185e-01,-1.130504871547067225e+01,-6.236339654205760863e-02,2.928781753999954232e-02,-4.772679985146938836e-02,-1.020351355654947723e+00,-7.476500109727819421e-01,-3.521382822245601174e-01,1.169331481109640208e+03,-1.741720067563880718e+02,4.717807890376032560e+02,0.000000000000000000e+00,-1.000000000000000056e-01,0.000000000000000000e+00,8.000000000000000167e-02,0.000000000000000000e+00
1.500000000000000000e+01,1.233858508418890523e+02,3.673756247979811373e-01,-1.170489530220939400e+01,-6.784670110807475285e-02,3.478025493270379964e-02,-4.238057986123583420e-02,-1.037774845521333367e+00,-7.698035048917438727e-01,-4.222254816472769678e-01,1.251041530899711461e+03,-2.177194370506836663e+02,5.504993759075290427e+02,0.000000000000000000e+00,-1.000000000000000056e-01,0.000000000000000000e+00,8.000000000000000167e-02,0.000000000000000000e+00
1.600000000000000000e+01,1.278870235216383406e+02,3.142628199969625391e-01,-1.211594168393001247e+01,-6.000977652943723095e-02,3.985542051198599778e-02,-4.243686029602179027e-02,-1.048633737889808071e+00,-7.875576837821373077e-01,-4.973892932332206196e-01,1.330681451139748788e+03,-2.682071387047909639e+02,6.341818125673881923e+02,0.000000000000000000e+00,-1.000000000000000056e-01,0.000000000000000000e+00,8.000000000000000167e-02,0.000000000000000000e+00
1.700000000000000000e+01,1.323117679220571858e+02,3.364317453744792852e-01,-1.249932191973948115e+01,-6.172645620786982451e-02,4.418470106464341546e-02,-3.906570329525178853e-02,-1.051660801875836437e+00,-8.020683612894989878e-01,-5.786137921156381259e-01,1.407518196870033307e+03,-3.260337615592944189e+02,7.224834677632902640e+02,0.000000000000000000e+00,-1.000000000000000056e-01,0.000000000000000000e+00,8.000000000000000167e-02,0.000000000000000000e+00
1.800000000000000000e+01,1.366230756878842669e+02,3.119165679238645739e-01,-1.288920230633556407e+01,-5.735772343887437369e-02,4.797385419747270119e-02,-3.827210131101145552e-02,-1.049107690308832774e+00,-8.126898384568916889e-01,-6.642226560406278013e-01,1.480731169047812955e+03,-3.915142585897389154e+02,8.150165671542880546e+02,0.000000000000000000e+00,-1.000000000000000056e-01,0.000000000000000000e+00,8.000000000000000167e-02,0.000000000000000000e+00
1.900000000000000000e+01,1.407933198836689428e+02,3.120569939281739869e-01,-1.325530265721488909e+01,-5.723234313455287381e-02,5.131549784112025836e-02,-3.598295126246163489e-02,-1.041074789954083313e+00,-8.198464634236574122e-01,-7.541986795041722980e-01,1.549435852182734152e+03,-4.648435673337602907e+02,9.113547198089047470e+02,0.000000000000000000e+00,-1.000000000000000056e-01,0.000000000000000000e+00,8.000000000000000167e-02,0.000000000000000000e+00
2.000000000000000000e+01,1.447944811344546849e+02,3.054695620791610944e-01,-1.361212626434509687e+01,-5.480770510914404620e-02,5.420568381203269559e-02,-3.497656307654762459e-02,-1.028467512582475374e+00,-8.234589859285548208e-01,-8.474977586618023251e-01,1.612693826966109327e+03,-5.460928296488463047e+02,1.011032183994906177e+03,0.000000000000000000e+00,-1.000000000000000056e-01,0.000000000000000000e+00,8.000000000000000167e-02,0.000000000000000000e+00
2.100000000000000000e+01,1.486040825740552975e+02,2.958696147966821677e-01,-1.394870204125139068e+01,-5.375592732355798098e-02,5.671828952275138891e-02,-3.348673696996506272e-02,-1.012620326713668861e+00,-8.235513805129641707e-01,-9.433911989838226209e-01,1.669538218565716534e+03,-6.351896771551387246e+02,1.113548719511400805e+03,0.000000000000000000e+00,-1.000000000000000056e-01,0.000000000000000000e+00,8.000000000000000167e-02,0.000000000000000000e+00
2.200000000000000000e+01,1.522015380766382293e+02,2.943018477658474463e-01,-1.426718546665161291e+01,-5.241923747603637052e-02,5.889375133761265424e-02,-3.247861459698157122e-02,-9.939236864818117301e-01,-8.203313549817458084e-01,-1.041129194578531703e+00,1.718993177173639651e+03,-7.319118903954605457e+02,1.218374329454398776e+03,0.000000000000000000e+00,-1.000000000000000056e-01,0.000000000000000000e+00,8.000000000000000167e-02,0.000000000000000000e+00
2.300000000000000000e+01,1.555696767392872175e+02,2.851412166127346715e-01,-1.456487715374413838e+01,-5.110389481509192838e-02,6.075055475741783506e-02,-3.156452213062582723e-02,-9.737716138025971357e-01,-8.138093566532067502e-01,-1.139832520080350742e+00,1.760099860127058719e+03,-8.358809417754174547e+02,1.324955660712468671e+03,0.000000000000000000e+00,-1.000000000000000056e-01,0.000000000000000000e+00,8.000000000000000167e-02,0.000000000000000000e+00
2.400000000000000000e+01,1.586940492295402692e+02,2.812623674457981893e-01,-1.484034580379175594e+01,-5.013983977649438123e-02,6.233059592663798415e-02,-3.075389691981719395e-02,-9.526975276277926952e-01,-8.042493486423099025e-01,-1.238862317098779364e+00,1.791940549153188840e+03,-9.465617285875001699e+02,1.432723780295106280e+03,0.000000000000000000e+00,-1.000000000000000056e-01,0.000000000000000000e+00,8.000000000000000167e-02,0.000000000000000000e+00
2.500000000000000000e+01,1.615629546179148122e+02,2.754125518663240735e-01,-1.509311398403766624e+01,-4.903401696635745211e-02,6.365160494588242845e-02,-3.017213077310296546e-02,-9.315900235031556731e-01,-7.918254546767118374e-01,-1.337537206967983838e+00,1.813663464587543331e+03,-1.063266551332625340e+03,1.541102745084961498e+03,0.000000000000000000e+00,-1.000000000000000056e-01,0.000000000000000000e+00,8.000000000000000167e-02,0.000000000000000000e+00
2.600000000000000000e+01,1.641675153740645783e+02,2.695774684627049722e-01,-1.532195875384062411e+01,-4.811183407797563899e-02,6.473574089632901096e-02,-2.967520331299912731e-02,-9.110813593246974706e-01,-7.768020210239534595e-01,-1.435345517870842302e+00,1.824506323891059537e+03,-1.185163783961276067e+03,1.649518986590978329e+03,0.000000000000000000e+00,-1.000000000000000056e-01,0.000000000000000000e+00,8.000000000000000167e-02,0.000000000000000000e+00
2.700000000000000000e+01,1.665015132720796487e+02,2.646029820240211050e-01,-1.552654189355560455e+01,-4.724937961786219304e-02,6.560430220440750804e-02,-2.932416689315254718e-02,-8.916568076241140339e-01,-7.594719937244299723e-01,-1.531884473629306020e+00,1.823817526350426988e+03,-1.311291009180149558e+03,1.757411010767612197e+03,0.000000000000000000e+00,-1.000000000000000056e-01,0.000000000000000000e+00,8.000000000000000167e-02,0.000000000000000000e+00
2.800000000000000000e+01,1.685614213565363002e+02,2.590812182899125404e-01,-1.570656017994862452e+01,-4.641825242131606549e-02,6.627259418072366237e-02,-2.910158771931742674e-02,-8.737525212031693744e-01,-7.401342721039332329e-01,-1.626853364073717501e+00,1.811074738361719710e+03,-1.440572033464126889e+03,1.864239113188747979e+03,0.000000000000000000e+00,-1.000000000000000056e-01,0.000000000000000000e+00,8.000000000000000167e-02,0.000000000000000000e+00
2.900000000000000000e+01,1.703463329640221957e+02,2.537451153854596853e-01,-1.586190487850241482e+01,-4.566996712873753334e-02,6.675753108445864337e-02,-2.898224866417194526e-02,-8.576478738082446984e-01,-7.191133840898955576e-01,-1.720072359985710397e+00,1.785899768590222038e+03,-1.571837219255580749e+03,1.969494744507893529e+03,0.000000000000000000e+00,-1.000000000000000056e-01,0.000000000000000000e+00,8.000000000000000167e-02,0.000000000000000000e+00
3.000000000000000000e+01,1.718578811251188654e+02,2.485511736946481032e-01,-1.599278556022208875e+01,-4.496906045801445789e-02,6.707417805606059880e-02,-2.897324134835075823e-02,-8.435330022736680089e-01,-6.967351001694810364e-01,-1.811450090006749836e+00,1.748069435660352156e+03,-1.703846323297420668e+03,2.072709178929063455e+03,0.000000000000000000e+00,-1.000000000000000056e-01,0.000000000000000000e+00,8.000000000000000167e-02,0.000000000000000000e+00
3.100000000000000000e+01,1.731001550704136775e+02,2.432774865443065870e-01,-1.609959122532086795e+01,-4.431257157736886998e-02,6.723660588439246688e-02,-2.906384774629666365e-02,-8.315239211325270441e-01,-6.733217983233226178e-01,-1.900970844626159728e+00,1.697522113481774568e+03,-1.835312992092070999e+03,2.173461179486150286e+03,0.000000000000000000e+00,-1.000000000000000056e-01,0.000000000000000000e+00,8.000000000000000167e-02,0.000000000000000000e+00
3.200000000000000000e+01,1.740795788947962421e+02,2.380616659469360630e-01,-1.618291839291720535e+01,-4.370649877996224397e-02,6.725878393279750844e-02,-2.924472827093909516e-02,-8.216623311068703694e-01,-6.491902148828445629e-01,-1.988681125470735722e+00,1.634359821920729928e+03,-1.964929988931384059e+03,2.271383410074794028e+03,0.000000000000000000e+00,-1.000000000000000056e-01,0.000000000000000000e+00,8.000000000000000167e-02,0.000000000000000000e+00
3.300000000000000000e+01,1.748047689250538497e+02,2.328967247307704991e-01,-1.624357568892420645e+01,-4.314223605017776519e-02,6.715421440121149832e-02,-2.951217209337811745e-02,-8.139400487659947947e-01,-6.246444436854059479e-01,-2.074670775849076776e+00,1.558845998700984183e+03,-2.091394256814689925e+03,2.366167399319004744e+03,0.000000000000000000e+00,-1.000000000000000056e-01,0.000000000000000000e+00,8.000000000000000167e-02,0.000000000000000000e+00
3.400000000000000000e+01,1.752863714461754796e+02,2.277407538058117131e-01,-1.628254771058636763e+01,-4.261670856062629853e-02,6.693609339192503616e-02,-2.985970515314146506e-02,-8.083116165100479034e-01,-5.999731366932309351e-01,-2.159059867771730090e+00,1.471399239753017355e+03,-2.213430970783168959e+03,2.457566938760896846e+03,0.000000000000000000e+00,-1.000000000000000056e-01,0.000000000000000000e+00,8.000000000000000167e-02,0.000000000000000000e+00
3.500000000000000000e+01,1.755368781994325502e+02,2.226166468194588632e-01,-1.630098369080827680e+01,-4.212919857710057531e-02,6.661750855126750970e-02,-3.028097991403347344e-02,-8.047021314327301722e-01,-5.754478554679320901e-01,-2.241987849713115821e+00,1.372583450933057975e+03,-2.329815826980175189e+03,2.545399869143463548e+03,0.000000000000000000e+00,-1.000000000000000056e-01,0.000000000000000000e+00,8.000000000000000167e-02,0.000000000000000000e+00
3.600000000000000000e+01,1.755704253940663762e+02,2.175292718420258065e-01,-1.630018283362987219e+01,-4.167656671461468509e-02,6.621138838589400721e-02,-3.077083772204986314e-02,-8.030169660133940068e-01,-5.513211723502786654e-01,-2.323603909920731070e+00,1.263094985508118270e+03,-2.439394950567127125e+03,2.629548278896700140e+03,0.000000000000000000e+00,-1.000000000000000056e-01,0.000000000000000000e+00,8.000000000000000167e-02,0.000000000000000000e+00
3.700000000000000000e+01,1.754025803085040991e+02,2.124733393590947927e-01,-1.628157136538472116e+01,-4.125644634212499023e-02,6.573050904311718290e-02,-3.132376333041823890e-02,-8.031482524355830765e-01,-5.278257308706235662e-01,-2.404059992104213173e+00,1.143747419191295876e+03,-2.541101953840056012e+03,2.709957203511683474e+03,0.000000000000000000e+00,-1.000000000000000056e-01,0.000000000000000000e+00,8.000000000000000167e-02,0.000000000000000000e+00
3.800000000000000000e+01,1.750501186559917812e+02,2.074563976934825360e-01,-1.624668247798733844e+01,-4.086727543176478517e-02,6.518750407001157321e-02,-3.193410839228007919e-02,-8.049789381879396410e-01,-5.051738115549627706e-01,-2.483505728366028009e+00,1.015454655240250418e+03,-2.633971836363883995e+03,2.786631968172546749e+03,0.000000000000000000e+00,-1.000000000000000056e-01,0.000000000000000000e+00,8.000000000000000167e-02,0.000000000000000000e+00
3.900000000000000000e+01,1.745307970342738599e+02,2.024864784677357088e-01,-1.619713633823307575e+01,-4.050724747300007977e-02,6.459482274875798236e-02,-3.259634351546726594e-02,-8.083861774074758699e-01,-4.835569763864600579e-01,-2.562084679682038679e+00,8.792130552460672561e+02,-2.717151581065138998e+03,2.859634357285780425e+03,0.000000000000000000e+00,-1.000000000000000056e-01,0.000000000000000000e+00,8.000000000000000167e-02,0.000000000000000000e+00
4.000000000000000000e+01,1.738631244015301718e+02,1.975706345000506348e-01,-1.613461859646975327e+01,-4.017476333188520210e-02,6.396468268980023963e-02,-3.330473717515912424e-02,-8.132436235791206114e-01,-4.631459177455217180e-01,-2.639931855460354360e+00,7.360832574800082284e+02,-2.789907450852001148e+03,2.929077822641776038e+03,0.000000000000000000e+00,-1.000000000000000056e-01,0.000000000000000000e+00,8.000000000000000167e-02,0.000000000000000000e+00
4.100000000000000000e+01,1.730661358590442944e+02,1.927201104547944799e-01,-1.606085952156220031e+01,-3.986857180521105604e-02,6.330902009486684412e-02,-3.405329002039588632e-02,-8.194227950779209291e-01,-4.440904459142059335e-01,-2.717172234658891572e+00,5.871722824158900949e+02,-2.851629123326169065e+03,2.995121956442736519e+03,0.000000000000000000e+00,-1.000000000000000056e-01,0.000000000000000000e+00,8.000000000000000167e-02,0.000000000000000000e+00
4.200000000000000000e+01,1.721591717027588402e+02,1.879488750556961019e-01,-1.597761387222145402e+01,-3.958755675317501832e-02,6.263942647560828691e-02,-3.483575757194765782e-02,-8.267940486895064556e-01,-4.265195025101019000e-01,-2.793920003414046338e+00,4.336164415980999252e+02,-2.901830911716677747e+03,3.057966457315457774e+03,0.000000000000000000e+00,-1.000000000000000056e-01,0.000000000000000000e+00,8.000000000000000167e-02,0.000000000000000000e+00
4.300000000000000000e+01,1.711616641863373047e+02,1.832729024905067339e-01,-1.588664120043212158e+01,-3.933079012879100306e-02,6.196707962221216504e-02,-3.564556589868129316e-02,-8.352272554118749248e-01,-4.105412112277588843e-01,-2.870278381156321501e+00,2.765654684406983961e+02,-2.940150404435446035e+03,3.117844808445368926e+03,0.000000000000000000e+00,-1.000000000000000056e-01,0.000000000000000000e+00,8.000000000000000167e-02,0.000000000000000000e+00
4.400000000000000000e+01,1.700929338268561253e+02,1.787112115668298973e-01,-1.578968706180613957e+01,-3.909757287703154172e-02,6.130267199577918436e-02,-3.647577332204426231e-02,-8.445922639352352324e-01,-3.962429696351630892e-01,-2.946339907544772707e+00,1.171681854366827480e+02,-2.966344912934150670e+03,3.175017869159515612e+03,0.000000000000000000e+00,-1.000000000000000056e-01,0.000000000000000000e+00,8.000000000000000167e-02,0.000000000000000000e+00
4.500000000000000000e+01,1.689719966009465679e+02,1.742855828531768292e-01,-1.568846530401217620e+01,-3.888738175859605267e-02,6.065633500038859066e-02,-3.731907689704077463e-02,-8.547593129808881418e-01,-3.836915719405865066e-01,-3.022187067137664052e+00,-4.344008176218607531e+01,-2.980286149031343939e+03,3.229767556985711508e+03,0.000000000000000000e+00,-1.000000000000000056e-01,0.000000000000000000e+00,8.000000000000000167e-02,0.000000000000000000e+00
4.600000000000000000e+01,1.678173829588670571e+02,1.700201199663449458e-01,-1.558464140700699296e+01,-3.869985791692451965e-02,6.003756104051403281e-02,-3.816781640455767233e-02,-8.655994499280562637e-01,-3.729333820510009612e-01,-3.097893171127685363e+00,-2.041482315407676538e+02,-2.981953560829042544e+03,3.282390768812359966e+03,0.000000000000000000e+00,-1.000000000000000056e-01,0.000000000000000000e+00,8.000000000000000167e-02,0.000000000000000000e+00
4.700000000000000000e+01,1.666469692377180820e+02,1.659410898211286234e-01,-1.547981699535902322e+01,-3.853479146521066045e-02,5.945512499474267520e-02,-3.901400681178986835e-02,-8.769849785795313934e-01,-3.639945806318038990e-01,-3.173523424899496792e+00,-3.638782320058679147e+02,-2.971426744168835285e+03,3.333193659455590932e+03,0.000000000000000000e+00,-1.000000000000000056e-01,0.000000000000000000e+00,8.000000000000000167e-02,0.000000000000000000e+00
4.800000000000000000e+01,1.654778218405826067e+02,1.620763540391003954e-01,-1.537551559024020698e+01,-3.839207731456319161e-02,5.891700578191809423e-02,-3.984940340158469457e-02,-8.887899639802473439e-01,-3.568815064482932509e-01,-3.249136112492283068e+00,-5.215921391527680271e+02,-2.948877318293509234e+03,3.382486365610721350e+03,0.000000000000000000e+00,-1.000000000000000056e-01,0.000000000000000000e+00,8.000000000000000167e-02,0.000000000000000000e+00
4.900000000000000000e+01,1.643260544510672219e+02,1.584546288375363599e-01,-1.527316961751778912e+01,-3.827167281708237362e-02,5.843030966725687447e-02,-4.066558911813671767e-02,-9.008907906661602905e-01,-3.515811179613055337e-01,-3.324783838942624747e+00,-6.762974045008762687e+02,-2.914560614024083861e+03,3.430578234380247522e+03,0.000000000000000000e+00,-1.000000000000000056e-01,0.000000000000000000e+00,8.000000000000000167e-02,0.000000000000000000e+00
5.000000000000000000e+01,1.632066985571588305e+02,1.551046861053355930e-01,-1.517410872896748764e+01,-3.817354814930085105e-02,5.800119726434566775e-02,-4.145409025663705088e-02,-9.131667562504023339e-01,-3.480615999308774300e-01,-3.400514774243928784e+00,-8.270506379697454804e+02,-2.868807474237392398e+03,3.477773589484996137e+03,0.000000000000000000e+00,-1.000000000000000056e-01,0.000000000000000000e+00,8.000000000000000167e-02,0.000000000000000000e+00
5.100000000000000000e+01,1.621335876556678670e+02,1.520543691505417128e-01,-1.507954949257929300e+01,-3.809762673979255609e-02,5.763481635032991629e-02,-4.220651874412327531e-02,-9.255006814532982240e-01,-3.462731350495201754e-01,-3.476373844402286029e+00,-9.729600267537693981e+02,-2.812016413254401868e+03,3.524368045648507177e+03,0.000000000000000000e+00,-1.000000000000000056e-01,0.000000000000000000e+00,8.000000000000000167e-02,0.000000000000000000e+00
5.200000000000000000e+01,1.611192556660864170e+02,1.493295298430115381e-01,-1.499058650989860020e+01,-3.804372543279632007e-02,5.733524317424617406e-02,-4.291473494857400012e-02,-9.377795116810119236e-01,-3.461488567825801721e-01,-3.552403819853719558e+00,-1.113186633171769927e+03,-2.744646326877560114e+03,3.570645362925401969e+03,0.000000000000000000e+00,-1.000000000000000056e-01,0.000000000000000000e+00,8.000000000000000167e-02,0.000000000000000000e+00
5.300000000000000000e+01,1.601748502638846219e+02,1.469529480512929143e-01,-1.490818503898505476e+01,-3.801149486013618434e-02,5.710543523653008324e-02,-4.357102711134843570e-02,-9.498948871538742678e-01,-3.476059927007532080e-01,-3.628646256171214723e+00,-1.246944805298324127e+03,-2.667209890623054434e+03,3.616874818045921529e+03,0.000000000000000000e+00,-1.000000000000000056e-01,0.000000000000000000e+00,8.000000000000000167e-02,0.000000000000000000e+00
5.400000000000000000e+01,1.593100620117958783e+02,1.449432644843750839e-01,-1.483317520548896518e+01,-3.800036407395109006e-02,5.694719866889741411e-02,-4.416829962601269421e-02,-9.617436653122134471e-01,-3.505471992844185203e-01,-3.705142248350702605e+00,-1.373501935219006100e+03,-2.580267731967148848e+03,3.663309059069316845e+03,0.000000000000000000e+00,-1.000000000000000056e-01,0.000000000000000000e+00,8.000000000000000167e-02,0.000000000000000000e+00
5.500000000000000000e+01,1.585330702839826529e+02,1.433140152786922805e-01,-1.476624788423775847e+01,-3.800949518900118701e-02,5.686117336509101394e-02,-4.470026086652510722e-02,-9.732283861017017035e-01,-3.548620806497759239e-01,-3.781932968383058480e+00,-1.492177792559255977e+03,-2.484423414432422760e+03,3.710182402491038829e+03,0.000000000000000000e+00,-1.000000000000000056e-01,0.000000000000000000e+00,8.000000000000000167e-02,0.000000000000000000e+00
5.600000000000000000e+01,1.578505070083809017e+02,1.420728301147835826e-01,-1.470795232760638704e+01,-3.803775123123833563e-02,5.684683870566471786e-02,-4.516160101176201064e-02,-9.842576801231861516e-01,-3.604288744232129749e-01,-3.859059965214924670e+00,-1.602343647020128628e+03,-2.380319227904114541e+03,3.757709528036700249e+03,0.000000000000000000e+00,-1.000000000000000056e-01,0.000000000000000000e+00,8.000000000000000167e-02,0.000000000000000000e+00
5.700000000000000000e+01,1.572674391727377383e+02,1.412208496909459210e-01,-1.465869559709960512e+01,-3.808368093646815472e-02,5.690254212048958399e-02,-4.554814939379531885e-02,-9.947466286651873713e-01,-3.671162793189892137e-01,-3.936565216666625400e+00,-1.703421374334046504e+03,-2.268632741184298993e+03,3.806084525228195162e+03,0.000000000000000000e+00,-1.000000000000000056e-01,0.000000000000000000e+00,8.000000000000000167e-02,0.000000000000000000e+00
5.800000000000000000e+01,1.567873708368966277e+02,1.407524130985274846e-01,-1.461874382627040170e+01,-3.814552281025393454e-02,5.702555183163249275e-02,-4.585700166112743198e-02,-1.004617091751012437e+00,-3.747853915174413353e-01,-4.014490933804562900e+00,-1.794882716463660472e+03,-2.150074039722063389e+03,3.855480246925057600e+03,0.000000000000000000e+00,-1.000000000000000056e-01,0.000000000000000000e+00,8.000000000000000167e-02,0.000000000000000000e+00
5.900000000000000000e+01,1.564122650697960069e+02,1.406550387644718292e-01,-1.458822530605584511e+01,-3.822122889795002976e-02,5.721213393722245771e-02,-4.608660849117771074e-02,-1.013798025133551883e+00,-3.832917111772721208e-01,-4.092879129030335683e+00,-1.876248839952648041e+03,-2.025383543821905505e+03,3.906047927926623743e+03,0.000000000000000000e+00,-1.000000000000000056e-01,0.000000000000000000e+00,8.000000000000000167e-02,0.000000000000000000e+00
6.000000000000000000e+01,1.561425858011058381e+02,1.409097039269847917e-01,-1.456713534008528832e+01,-3.830850732871044634e-02,5.745765264295750463e-02,-4.623681967301254692e-02,-1.022225808307094752e+00,-3.924871770555178885e-01,-4.171770969415572239e+00,-1.947090306888070700e+03,-1.895330280482946364e+03,3.957917030888248064e+03,0.000000000000000000e+00,-1.000000000000000056e-01,0.000000000000000000e+00,8.000000000000000167e-02,0.000000000000000000e+00
6.100000000000000000e+01,1.559773590741069995e+02,1.414914044400319426e-01,-1.455534277210788652e+01,-3.840488083281509701e-02,5.775669103860617964e-02,-4.630888028467824991e-02,-1.029844602945991339e+00,-4.022221864807757896e-01,-4.251205946130444779e+00,-2.007027541629352072e+03,-1.760710465394274934e+03,4.011195286813205257e+03,0.000000000000000000e+00,-1.000000000000000056e-01,0.000000000000000000e+00,8.000000000000000167e-02,0.000000000000000000e+00
6.200000000000000000e+01,1.559142526476733224e+02,1.423699548743890542e-01,-1.455259804341785213e+01,-3.850775708332376812e-02,5.810318850313365979e-02,-4.630537879896105130e-02,-1.036606754921605811e+00,-4.123475598740154457e-01,-4.331220898919377227e+00,-2.055731843922044845e+03,-1.622346240552763902e+03,4.065968902829486524e+03,0.000000000000000000e+00,-1.000000000000000056e-01,0.000000000000000000e+00,8.000000000000000167e-02,0.000000000000000000e+00
6.300000000000000000e+01,1.559496723648991292e+02,1.435109737854729783e-01,-1.455854259892684865e+01,-3.861450581128483134e-02,5.849058975677135647e-02,-4.623015010780726769e-02,-1.042473243720485332e+00,-4.227164133946831881e-01,-4.411848941287626502e+00,-2.092926965863271562e+03,-1.481084407538001642e+03,4.122302915494543413e+03,0.000000000000000000e+00,-1.000000000000000056e-01,0.000000000000000000e+00,8.000000000000000167e-02,0.000000000000000000e+00
6.400000000000000000e+01,1.560788732269212744e+02,1.448769884021555154e-01,-1.457271942925632402e+01,-3.872253723648660245e-02,5.891199988377148616e-02,-4.608813930638829687e-02,-1.047414171792018012e+00,-4.331859095329155807e-01,-4.493118337218175995e+00,-2.118391237076074958e+03,-1.337794996730264984e+03,4.180241673187555534e+03,0.000000000000000000e+00,-1.000000000000000056e-01,0.000000000000000000e+00,8.000000000000000167e-02,0.000000000000000000e+00
6.500000000000000000e+01,1.562960827195003901e+02,1.464285899758164811e-01,-1.459458451464945306e+01,-3.882937660922779199e-02,5.936033940637505668e-02,-4.588523430639495498e-02,-1.051409274321272402e+00,-4.436188628286429347e-01,-4.575051383728089505e+00,-2.131960190104970934e+03,-1.193369518712657737e+03,4.239809435995362037e+03,0.000000000000000000e+00,-1.000000000000000056e-01,0.000000000000000000e+00,8.000000000000000167e-02,0.000000000000000000e+00
6.600000000000000000e+01,1.565946336633102760e+02,1.481255744296357535e-01,-1.462351892551795451e+01,-3.893273038277757225e-02,5.982849371752842899e-02,-4.562807680917831121e-02,-1.054448418520947728e+00,-4.538851855105505151e-01,-4.657663355252716464e+00,-2.133529607266945732e+03,-1.048718755702888757e+03,4.301011085672033914e+03,0.000000000000000000e+00,-1.000000000000000056e-01,0.000000000000000000e+00,8.000000000000000167e-02,0.000000000000000000e+00
6.700000000000000000e+01,1.569671037103463220e+02,1.499280114535162522e-01,-1.465884133368355791e+01,-3.903054064209652424e-02,6.030945183468333637e-02,-4.532386175334347789e-02,-1.056532052089339535e+00,-4.638631648744285796e-01,-4.740961565535397604e+00,-2.123058881855853997e+03,-9.047699679397856016e+02,4.363832941600186132e+03,0.000000000000000000e+00,-1.000000000000000056e-01,0.000000000000000000e+00,8.000000000000000167e-02,0.000000000000000000e+00
6.800000000000000000e+01,1.574054585890819737e+02,1.517971975334363177e-01,-1.469982069671709723e+01,-3.912102571667261386e-02,6.079643042588522839e-02,-4.498013509693782330e-02,-1.057671554112610934e+00,-4.734405699752895491e-01,-4.824944600183184384e+00,-2.100574561626207924e+03,-7.624634121709447072e+02,4.428243681100732829e+03,0.000000000000000000e+00,-1.000000000000000056e-01,0.000000000000000000e+00,8.000000000000000167e-02,0.000000000000000000e+00
6.900000000000000000e+01,1.579011962990736038e+02,1.536964623560422849e-01,-1.474568889351305501e+01,-3.920270621069867761e-02,6.128298025439552627e-02,-4.460459882561119971e-02,-1.057889439265500053e+00,-4.825155892418079850e-01,-4.909601768093540208e+00,-2.066173921805874670e+03,-6.227480962275152478e+02,4.494195363870934671e+03,0.000000000000000000e+00,-1.000000000000000056e-01,0.000000000000000000e+00,8.000000000000000167e-02,0.000000000000000000e+00
7.000000000000000000e+01,1.584454896519484919e+02,1.555918120335131327e-01,-1.479565311036456876e+01,-3.927441685593843074e-02,6.176307345073658167e-02,-4.420493057674909632e-02,-1.057219368195772224e+00,-4.909976027872259841e-01,-4.994912812381215872e+00,-2.020028399391572293e+03,-4.865767243907357624e+02,4.561624560772887889e+03,0.000000000000000000e+00,-1.000000000000000056e-01,0.000000000000000000e+00,8.000000000000000167e-02,0.000000000000000000e+00
7.100000000000000000e+01,1.590293248250926581e+02,1.574524052516552697e-01,-1.484890780132623078e+01,-3.933530551879638876e-02,6.223117122287951525e-02,-4.378862345500186826e-02,-1.055705923584680184e+00,-4.988077936391387412e-01,-5.080847911168923758e+00,-1.962386710951433997e+03,-3.548998219191767589e+02,4.630453586678920146e+03,0.000000000000000000e+00,-1.000000000000000056e-01,0.000000000000000000e+00,8.000000000000000167e-02,0.000000000000000000e+00
7.200000000000000000e+01,1.596436339102398847e+02,1.592508688266053296e-01,-1.490464607275033870e+01,-3.938482132617248527e-02,6.268227265479349442e-02,-4.336284969634995184e-02,-1.053404122263010168e+00,-5.058796012524443553e-01,-5.167367985808824393e+00,-1.893577473210373000e+03,-2.286590625567800998e+02,4.700591835696860471e+03,0.000000000000000000e+00,-1.000000000000000056e-01,0.000000000000000000e+00,8.000000000000000167e-02,0.000000000000000000e+00
7.300000000000000000e+01,1.602794197762047474e+02,1.609634668810720759e-01,-1.496207036803491519e+01,-3.942269421391791928e-02,6.311194605506394162e-02,-4.293434999805616908e-02,-1.050378648212226151e+00,-5.121590190894652617e-01,-5.254425319198389843e+00,-1.814011149725210544e+03,-1.087798587969713964e+02,4.771937214960228630e+03,0.000000000000000000e+00,-1.000000000000000056e-01,0.000000000000000000e+00,8.000000000000000167e-02,0.000000000000000000e+00
7.400000000000000000e+01,1.609278719016152479e+02,1.625701428704028340e-01,-1.502040235367991983e+01,-3.944890828094143459e-02,6.351634487272746210e-02,-4.250934870747861277e-02,-1.046702808185866695e+00,-5.176047364038879328e-01,-5.341964470614084526e+00,-1.724181158090529379e+03,3.836690285175247794e+00,4.844377670437917914e+03,0.000000000000000000e+00,-1.000000000000000056e-01,0.000000000000000000e+00,8.000000000000000167e-02,0.000000000000000000e+00
7.500000000000000000e+01,1.615804721530842016e+02,1.640544562742776435e-01,-1.507889193092678326e+01,-3.946367120947610191e-02,6.389221050188868822e-02,-4.209349373896562746e-02,-1.042457229622141712e+00,-5.221881232626126579e-01,-5.429923456981867957e+00,-1.624663990173201910e+03,1.083223661512824236e+02,4.917792795076037692e+03,0.000000000000000000e+00,-1.000000000000000056e-01,0.000000000000000000e+00,8.000000000000000167e-02,0.000000000000000000e+00
7.600000000000000000e+01,1.622290897756682853e+02,1.654034363552553677e-01,-1.513682531811414123e+01,-3.946738175176397329e-02,6.423686438000207610e-02,-4.169181910265743612e-02,-1.037728337863525141e+00,-5.258930577534297601e-01,-5.518235155041460338e+00,-1.516118222350782162e+03,2.038507565088297042e+02,4.992055506234714812e+03,0.000000000000000000e+00,-1.000000000000000056e-01,0.000000000000000000e+00,8.000000000000000167e-02,0.000000000000000000e+00
7.700000000000000000e+01,1.628660651196839524e+02,1.666073744620291952e-01,-1.519353216726103639e+01,-3.946059694661829126e-02,6.454819169193980188e-02,-4.130872727938599692e-02,-1.032606664807109942e+00,-5.287155955170944610e-01,-5.606828865828740405e+00,-1.399282322805723652e+03,2.896463594758249656e+02,5.067033776036412746e+03,0.000000000000000000e+00,-1.000000000000000056e-01,0.000000000000000000e+00,8.000000000000000167e-02,0.000000000000000000e+00
7.800000000000000000e+01,1.634842818492803076e+02,1.676595744098570706e-01,-1.524839169435253794e+01,-3.944400036697693485e-02,6.482461877411460627e-02,-4.094798833047373632e-02,-1.027185052508687857e+00,-5.306634842280923969e-01,-5.695631973575045137e+00,-1.274971197490591294e+03,3.649936685150390758e+02,5.142592395110315920e+03,0.000000000000000000e+00,-1.000000000000000056e-01,0.000000000000000000e+00,8.000000000000000167e-02,0.000000000000000000e+00
7.900000000000000000e+01,1.640772275651416123e+02,1.685560779230009520e-01,-1.530083781656432151e+01,-3.941837234898694364e-02,6.506508601958090054e-02,-4.061275254095032122e-02,-1.021556821854133768e+00,-5.317555292158029356e-01,-5.784571626470341954e+00,-1.144071454070068285e+03,4.292460299884864412e+02,5.218594747497196295e+03,0.000000000000000000e+00,-1.000000000000000056e-01,0.000000000000000000e+00,8.000000000000000167e-02,0.000000000000000000e+00
8.000000000000000000e+01,1.646390429299187872e+02,1.692953793123819217e-01,-1.535036330152179751e+01,-3.938456283859620433e-02,6.526901775931533145e-02,-4.030557350257701898e-02,-1.015813977622777031e+00,-5.320208206711416477e-01,-5.873576367249425445e+00,-1.007535402424143513e+03,4.818340623515935022e+02,5.294904572346028544e+03,0.000000000000000000e+00,-1.000000000000000056e-01,0.000000000000000000e+00,8.000000000000000167e-02,0.000000000000000000e+00
8.100000000000000000e+01,1.651645595151340160e+02,1.698781407354777728e-01,-1.539652294397362020e+01,-3.934346722561769816e-02,6.543629027085130778e-02,-4.002843879219299822e-02,-1.010045517138657312e+00,-5.314978373207638329e-01,-5.962577647157163874e+00,-8.663738495229332557e+02,5.222734309956754259e+02,5.371387686629655946e+03,0.000000000000000000e+00,-1.000000000000000056e-01,0.000000000000000000e+00,8.000000000000000167e-02,0.000000000000000000e+00
8.200000000000000000e+01,1.656493266972208858e+02,1.703069167137891970e-01,-1.543893579427930973e+01,-3.929600532157814796e-02,6.556719876722380547e-02,-3.978280573959950411e-02,-1.004335900873080112e+00,-5.302334455505354205e-01,-6.051511166883462245e+00,-7.216477840046120491e+02,5.501717853712168562e+02,5.447913642534663268e+03,0.000000000000000000e+00,-1.000000000000000056e-01,0.000000000000000000e+00,8.000000000000000167e-02,0.000000000000000000e+00
8.300000000000000000e+01,1.660896280224859254e+02,1.705858941682716623e-01,-1.547728647113033418e+01,-3.924310347414261546e-02,6.566242396172930484e-02,-3.956964016403280437e-02,-9.987637309492523041e-01,-5.282818162645769311e-01,-6.140318001415470128e+00,-5.744590800305167022e+02,5.652346847296696524e+02,5.524357293496789680e+03,0.000000000000000000e+00,-1.000000000000000056e-01,0.000000000000000000e+00,8.000000000000000167e-02,0.000000000000000000e+00
8.400000000000000000e+01,1.664824875397503661e+02,1.707206521265986210e-01,-1.551132559814059242e+01,-3.918567969183726213e-02,6.572299859438238134e-02,-3.938945635513797783e-02,-9.934006689364593967e-01,-5.257032839446267314e-01,-6.228945481022797104e+00,-4.259403795486940680e+02,5.672703647169448686e+02,5.600600244067221865e+03,0.000000000000000000e+00,-1.000000000000000056e-01,0.000000000000000000e+00,8.000000000000000167e-02,0.000000000000000000e+00
8.500000000000000000e+01,1.668256666679140494e+02,1.707179434728908207e-01,-1.554086941048071324e+01,-3.912463157088679616e-02,6.575027414532184922e-02,-3.924235695831788245e-02,-9.883106091266081750e-01,-5.225631732565785281e-01,-6.317347816274507366e+00,-2.772443358052562985e+02,5.561932279600662241e+02,5.676532160868113351e+03,0.000000000000000000e+00,-1.000000000000000056e-01,0.000000000000000000e+00,8.000000000000000167e-02,0.000000000000000000e+00
8.600000000000000000e+01,1.671176522253911969e+02,1.705854996420876069e-01,-1.556579858365067182e+01,-3.906082676378173912e-02,6.574588784565200961e-02,-3.912807177860585378e-02,-9.835491090616815812e-01,-5.189306181318162903e-01,-6.405486469706158204e+00,-1.295324179418762469e+02,5.320259763150188519e+02,5.752051924745666838e+03,0.000000000000000000e+00,-1.000000000000000056e-01,0.000000000000000000e+00,8.000000000000000167e-02,0.000000000000000000e+00
8.700000000000000000e+01,1.673576363001511993e+02,1.703318579846514191e-01,-1.558605634178655741e+01,-3.899509569979747736e-02,6.571173002171334931e-02,-3.904599483176753039e-02,-9.791630665479935658e-01,-5.148773966685904480e-01,-6.493330289409774636e+00,1.603651370664861631e+01,4.949003390589310243e+02,5.827068607734716352e+03,0.000000000000000000e+00,-1.000000000000000056e-01,0.000000000000000000e+00,8.000000000000000167e-02,0.000000000000000000e+00
8.800000000000000000e+01,1.675454886831670649e+02,1.699662106134912920e-01,-1.560164590754301805e+01,-3.892822625528388064e-02,6.564991176762563496e-02,-3.899521924132845485e-02,-9.751906224967140657e-01,-5.104768026942880788e-01,-6.580855429685938951e+00,1.583176496076411581e+02,4.450563884348250667e+02,5.901502262462642648e+03,0.000000000000000000e+00,-1.000000000000000056e-01,0.000000000000000000e+00,8.000000000000000167e-02,0.000000000000000000e+00
8.900000000000000000e+01,1.676817226241748813e+02,1.694982728625578083e-01,-1.561262735951770608e+01,-3.886096007145108805e-02,6.556273292597053493e-02,-3.897456980459256676e-02,-9.716612620149820412e-01,-5.058025717003357125e-01,-6.668045090637106043e+00,2.961914830851264355e+02,3.828404700573230457e+02,5.975284515965725404e+03,0.000000000000000000e+00,-1.000000000000000056e-01,0.000000000000000000e+00,8.000000000000000167e-02,0.000000000000000000e+00
9.000000000000000000e+01,1.677674546963673379e+02,1.689381690056306895e-01,-1.561911396632243232e+01,-3.879399022607023240e-02,6.545265036090321120e-02,-3.898263323087834686e-02,-9.685960822194938924e-01,-5.009278754139423473e-01,-6.754889112235754389e+00,4.285746766278871291e+02,3.087018093441071755e+02,6.048358964397605632e+03,0.000000000000000000e+00,-1.000000000000000056e-01,0.000000000000000000e+00,8.000000000000000167e-02,0.000000000000000000e+00
9.100000000000000000e+01,1.678043595754745922e+02,1.682963325775863328e-01,-1.562126806869362916e+01,-3.872795998045538979e-02,6.532224652579529667e-02,-3.901778619411534754e-02,-9.660081939548536001e-01,-4.959243957847979667e-01,-6.841383459269398948e+00,5.544303638927315205e+02,2.231878851294425488e+02,6.120681369588354755e+03,0.000000000000000000e+00,-1.000000000000000056e-01,0.000000000000000000e+00,8.000000000000000167e-02,0.000000000000000000e+00
9.200000000000000000e+01,1.677946205483218876e+02,1.675834184861050569e-01,-1.561929658243223074e+01,-3.866346234258554587e-02,6.517419835371560111e-02,-3.907822144329824859e-02,-9.639032254877965000e-01,-4.908614858668337577e-01,-6.927529632147573224e+00,6.727777308878721669e+02,1.269386869615870097e+02,6.192219662701952075e+03,0.000000000000000000e+00,-1.000000000000000056e-01,0.000000000000000000e+00,8.000000000000000167e-02,0.000000000000000000e+00
9.300000000000000000e+01,1.677408765662781320e+02,1.668102240799452796e-01,-1.561344619545480583e+01,-3.860104021015891423e-02,6.501124652969106354e-02,-3.916197228201804409e-02,-9.622798987466406606e-01,-4.858054221274866191e-01,-7.013334035430409230e+00,7.827007454649354941e+02,2.067999258724189815e+01,6.262953764187340312e+03,0.000000000000000000e+00,-1.000000000000000056e-01,0.000000000000000000e+00,8.000000000000000167e-02,0.000000000000000000e+00
9.400000000000000000e+01,1.676461666502224261e+02,1.659876164353608352e-01,-1.560399833183680407e+01,-3.854118688311861801e-02,6.483616523570771839e-02,-3.926693576620345766e-02,-9.611306522116050965e-01,-4.808187502156990867e-01,-7.098807331689151567e+00,8.833559322251379626e+02,-9.478418361975158746e+01,6.332875232700343076e+03,0.000000000000000000e+00,-1.000000000000000056e-01,0.000000000000000000e+00,8.000000000000000167e-02,0.000000000000000000e+00
9.500000000000000000e+01,1.675138724362479650e+02,1.651264633213125888e-01,-1.559126395448028113e+01,-3.848434676335001081e-02,6.465173249068661976e-02,-3.939089498086931901e-02,-9.604422886226222644e-01,-4.759597242018531738e-01,-7.183963803464917142e+00,9.739791189801454721e+02,-2.185798121314710443e+02,6.401986758596645814e+03,0.000000000000000000e+00,-1.000000000000000056e-01,0.000000000000000000e+00,8.000000000000000167e-02,0.000000000000000000e+00
9.600000000000000000e+01,1.673476596260499321e+02,1.642375655955008174e-01,-1.557557827600789224e+01,-3.843091608959249561e-02,6.446070123665414986e-02,-3.953154074532794909e-02,-9.601966298375188558e-01,-4.712818377570275885e-01,-7.268820741092911319e+00,1.053891109784908849e+03,-3.497715777840374471e+02,6.470301519897777325e+03,0.000000000000000000e+00,-1.000000000000000056e-01,0.000000000000000000e+00,8.000000000000000167e-02,0.000000000000000000e+00
9.700000000000000000e+01,1.671514190737790670e+02,1.633315891555044419e-01,-1.555729544476279536e+01,-3.838124358788075341e-02,6.426577134805493141e-02,-3.968649306495206086e-02,-9.603711651337378807e-01,-4.668334446200780308e-01,-7.353397869340018822e+00,1.122502267177092108e+03,-4.873719580728895835e+02,6.537842420283388492e+03,0.000000000000000000e+00,-1.000000000000000056e-01,0.000000000000000000e+00,8.000000000000000167e-02,0.000000000000000000e+00
9.800000000000000000e+01,1.669292082031814175e+02,1.624189950103384628e-01,-1.553678326947612653e+01,-3.833563095168196488e-02,6.406956276294005492e-02,-3.985332259899164453e-02,-9.609396827959848508e-01,-4.626574649426279939e-01,-7.437716821397351907e+00,1.179316011672791319e+03,-6.303504982389074485e+02,6.604641229664950515e+03,0.000000000000000000e+00,-1.000000000000000056e-01,0.000000000000000000e+00,8.000000000000000167e-02,0.000000000000000000e+00
9.900000000000000000e+01,1.666851934062341627e+02,1.615099665338455281e-01,-1.551441804235632560e+01,-3.829433310081654940e-02,6.387458995215576640e-02,-4.002957235091081367e-02,-9.618728778584032524e-01,-4.587911736279762231e-01,-7.521800664918478319e+00,1.223931269026609016e+03,-7.776431423885867389e+02,6.670737648276644904e+03,0.000000000000000000e+00,-1.000000000000000056e-01,0.000000000000000000e+00,8.000000000000000167e-02,0.000000000000000000e+00
1.000000000000000000e+02,1.664235940283253115e+02,1.606143334961086799e-01,-1.549057951615433026e+01,-3.825755820347369329e-02,6.368323795525578090e-02,-4.021277971309911853e-02,-9.631389313357763271e-01,-4.552660665133655415e-01,-7.605673481568250516e+00,1.256043914715453866e+03,-9.281614942291911348e+02,6.736178315029585974e+03,0.000000000000000000e+00,-1.000000000000000056e-01,0.000000000000000000e+00,8.000000000000000167e-02,0.000000000000000000e+00
1.010000000000000000e+02,1.661486284963103515e+02,1.597414930231585428e-01,-1.546564608625814330e+01,-3.822546748017170010e-02,6.349774021926414547e-02,-4.040049891470934990e-02,-9.647040582010758536e-01,-4.521078001151134229e-01,-7.689359998961223575e+00,1.275447280206663436e+03,-1.080801897561725582e+03,6.801015780183974130e+03,0.000000000000000000e+00,-1.000000000000000056e-01,0.000000000000000000e+00,8.000000000000000167e-02,0.000000000000000000e+00
1.020000000000000000e+02,1.658644630953340879e+02,1.589003281864688755e-01,-1.543999022414516453e+01,-3.819817484113555150e-02,6.332015847820351984e-02,-4.059032383316941300e-02,-9.665330227991065781e-01,-4.493362006019652188e-01,-7.772885271899354187e+00,1.282031796678168121e+03,-1.234454244578274938e+03,6.865307461280604912e+03,0.000000000000000000e+00,-1.000000000000000056e-01,0.000000000000000000e+00,8.000000000000000167e-02,0.000000000000000000e+00
1.030000000000000000e+02,1.655751638487507762e+02,1.580991254471075524e-01,-1.541397420362983972e+01,-3.817574643783478577e-02,6.315236490695967653e-02,-4.077991104034520836e-02,-9.685896214000679905e-01,-4.469653376352570873e-01,-7.856274408419168687e+00,1.275783859009323351e+03,-1.388010438414721193e+03,6.929114599825313235e+03,0.000000000000000000e+00,-1.000000000000000056e-01,0.000000000000000000e+00,8.000000000000000167e-02,0.000000000000000000e+00
1.040000000000000000e+02,1.652846519032340780e+02,1.573454926487086458e-01,-1.538794615633385909e+01,-3.815820023385620846e-02,6.299602677206297963e-02,-4.096700286740654479e-02,-9.708371322711595308e-01,-4.450036586797916360e-01,-7.939552335268764693e+00,1.256783996251339204e+03,-1.540372454547567486e+03,6.992501234525823747e+03,0.000000000000000000e+00,-1.000000000000000056e-01,0.000000000000000000e+00,8.000000000000000167e-02,0.000000000000000000e+00
1.050000000000000000e+02,1.649966627684509035e+02,1.566462796421059234e-01,-1.536223648770243244e+01,-3.814550571835418485e-02,6.285259378385205098e-02,-4.114945019240681678e-02,-9.732387340547626886e-01,-4.434541793242088303e-01,-8.022743596988402004e+00,1.225204434742071044e+03,-1.690459962822778380e+03,7.055533205025258212e+03,0.000000000000000000e+00,-1.000000000000000056e-01,0.000000000000000000e+00,8.000000000000000167e-02,0.000000000000000000e+00
1.060000000000000000e+02,1.647147097075360023e+02,1.560075039079824311e-01,-1.533715467971213009e+01,-3.813758389571583057e-02,6.272328832883670990e-02,-4.132523458568095054e-02,-9.757578934557175065e-01,-4.423147250431964661e-01,-8.105872182701466144e+00,1.181306136976195603e+03,-1.837217487613420190e+03,7.118277198141917324e+03,0.000000000000000000e+00,-1.000000000000000056e-01,0.000000000000000000e+00,8.000000000000000167e-02,0.000000000000000000e+00
1.070000000000000000e+02,1.644420515210154008e+02,1.554342837013207856e-01,-1.531298650117503080e+01,-3.813430768676177862e-02,6.260909872777808971e-02,-4.149248939443397899e-02,-9.783587233131740835e-01,-4.415782196854503572e-01,-8.188961374963296791e+00,1.125435393776667752e+03,-1.979621097372313898e+03,7.180799846675877234e+03,0.000000000000000000e+00,-1.000000000000000056e-01,0.000000000000000000e+00,8.000000000000000167e-02,0.000000000000000000e+00
1.080000000000000000e+02,1.641816649126590164e+02,1.549307812580829058e-01,-1.528999164124775589e+01,-3.813550286922531146e-02,6.251077562412273025e-02,-4.164951931293227327e-02,-9.810063121077384762e-01,-4.412330157879164605e-01,-8.272033615513002758e+00,1.058020039772652353e+03,-2.116684626382671468e+03,7.243166888947019288e+03,0.000000000000000000e+00,-1.000000000000000056e-01,0.000000000000000000e+00,8.000000000000000167e-02,0.000000000000000000e+00
1.090000000000000000e+02,1.639362215709469410e+02,1.545001584731978961e-01,-1.526840177641818386e+01,-3.814094966841263118e-02,6.242883155955863267e-02,-4.179481797131297249e-02,-9.836670258628664731e-01,-4.412632616120713003e-01,-8.355110383458960399e+00,9.795653532305003637e+02,-2.247465440601027694e+03,7.305442395426375697e+03,0.000000000000000000e+00,-1.000000000000000056e-01,0.000000000000000000e+00,8.000000000000000167e-02,0.000000000000000000e+00
1.100000000000000000e+02,1.637080700444021488e+02,1.541445471817636803e-01,-1.524841907588793255e+01,-3.815038508352130292e-02,6.236354373950830227e-02,-4.192708308598709632e-02,-9.863087832619498174e-01,-4.416492995888148809e-01,-8.438212082255226676e+00,8.906496914560643745e+02,-2.371069766064896612e+03,7.367688067154192140e+03,0.000000000000000000e+00,-1.000000000000000056e-01,0.000000000000000000e+00,8.000000000000000167e-02,0.000000000000000000e+00
1.110000000000000000e+02,1.634992224331148520e+02,1.538650357641441480e-01,-1.523021514492847750e+01,-3.816350600239541008e-02,6.231495993283084345e-02,-4.204522874844989627e-02,-9.889013046326773360e-01,-4.423680906640504729e-01,-8.521357932738927943e+00,7.919199028153875588e+02,-2.486657602418029001e+03,7.429962609126108873e+03,0.000000000000000000e+00,-1.000000000000000056e-01,0.000000000000000000e+00,8.000000000000000167e-02,0.000000000000000000e+00
1.120000000000000000e+02,1.633113458626799002e+02,1.536616732715424538e-01,-1.521393040051073697e+01,-3.817997311946551287e-02,6.228290738871383042e-02,-4.214839448615280426e-02,-9.914163352569062004e-01,-4.433936588760922781e-01,-8.604565870451413190e+00,6.840865463935712114e+02,-2.593447245801139616e+03,7.492321180487469974e+03,0.000000000000000000e+00,-1.000000000000000056e-01,0.000000000000000000e+00,8.000000000000000167e-02,0.000000000000000000e+00
1.130000000000000000e+02,1.631457586509827138e+02,1.535334916612507150e-01,-1.519967386835255496e+01,-3.819941563067308365e-02,6.226700459199153992e-02,-4.223595080663099244e-02,-9.938278432542430041e-01,-4.446975503858586753e-01,-8.687852446413701912e+00,5.679189408655701072e+02,-2.690719444853129062e+03,7.554814922209277029e+03,0.000000000000000000e+00,-1.000000000000000056e-01,0.000000000000000000e+00,8.000000000000000167e-02,0.000000000000000000e+00
1.140000000000000000e+02,1.630034310234900659e+02,1.534785460758459896e-01,-1.518752338556673109e+01,-3.822143663803021646e-02,6.226667561842266080e-02,-4.230750103067074802e-02,-9.961121920678661645e-01,-4.462493011355082029e-01,-8.771232731429005725e+00,4.442400556659957260e+02,-2.777821211118201973e+03,7.617490561923871610e+03,0.000000000000000000e+00,-1.000000000000000056e-01,0.000000000000000000e+00,8.000000000000000167e-02,0.000000000000000000e+00
1.150000000000000000e+02,1.628849901797742064e+02,1.534939724371356395e-01,-1.517752618840676071e+01,-3.824561915789962546e-02,6.228116679641908932e-02,-4.236287932714781490e-02,-9.982482873608324869e-01,-4.480169073408568625e-01,-8.854720224805326723e+00,3.139212503313739830e+02,-2.854169301059182999e+03,7.680390094764025889e+03,0.000000000000000000e+00,-1.000000000000000056e-01,0.000000000000000000e+00,8.000000000000000167e-02,0.000000000000000000e+00
1.160000000000000000e+02,1.627907294638827693e+02,1.535760609933758403e-01,-1.516969986028030881e+01,-3.827153259372056276e-02,6.230956533387424501e-02,-4.240214497566408003e-02,-1.000217697922042071e+00,-4.499672931331979431e-01,-8.938326769097185931e+00,1.778768621927947322e+02,-2.919253381475516107e+03,7.743550538360798782e+03,0.000000000000000000e+00,-1.000000000000000056e-01,0.000000000000000000e+00,8.000000000000000167e-02,0.000000000000000000e+00
1.170000000000000000e+02,1.627206213448713754e+02,1.537203438936797506e-01,-1.516403361131499494e+01,-3.829873950795482235e-02,6.235081953033717178e-02,-4.242557299722221620e-02,-1.002004749997996713e+00,-4.520667698580388971e-01,-9.022062473031079222e+00,3.705863859414117201e+01,-2.972638883779734897e+03,7.807003759595470001e+03,0.000000000000000000e+00,-1.000000000000000056e-01,0.000000000000000000e+00,8.000000000000000167e-02,0.000000000000000000e+00
1.180000000000000000e+02,1.626743338723627801e+02,1.539216943976377261e-01,-1.516048985739435828e+01,-3.832680251111759973e-02,6.240376016761640943e-02,-4.243364140187664418e-02,-1.003596594326620295e+00,-4.542814818085431638e-01,-9.105935645183054206e+00,-1.075499923952837378e+02,-3.013969545675751306e+03,7.870776370249178399e+03,0.000000000000000000e+00,-1.000000000000000056e-01,0.000000000000000000e+00,8.000000000000000167e-02,0.000000000000000000e+00
1.190000000000000000e+02,1.626512502363052022e+02,1.541744349839921091e-01,-1.515900606379626581e+01,-3.835529107877364702e-02,6.246712265720071738e-02,-4.242701540002182664e-02,-1.004983245070925291e+00,-4.565778335132893995e-01,-9.189952741205321018e+00,-2.549398191813762935e+02,-3.042969631685510194e+03,7.934889688330601530e+03,0.000000000000000000e+00,-1.000000000000000056e-01,0.000000000000000000e+00,8.000000000000000167e-02,0.000000000000000000e+00
1.200000000000000000e+02,1.626504910309741376e+02,1.544724514132508886e-01,-1.515949681641124869e+01,-3.838378811044376726e-02,6.253956952113488843e-02,-4.240652900599541086e-02,-1.006157589850689371e+00,-4.589228941018728136e-01,-9.274118327444297094e+00,-4.040819167478343275e+02,-3.059445817057839577e+03,7.999359761567928217e+03,0.000000000000000000e+00,-1.000000000000000056e-01,0.000000000000000000e+00,8.000000000000000167e-02,0.000000000000000000e+00
1.210000000000000000e+02,1.626709388013103990e+02,1.548093097292724818e-01,-1.516185608202510160e+01,-3.841189605686343850e-02,6.261971279400582735e-02,-4.237316452540321882e-02,-1.007115370164484824e+00,-4.612847747267552201e-01,-9.358435063655827335e+00,-5.539338915343296321e+02,-3.063288713216273663e+03,8.064197449308716386e+03,0.000000000000000000e+00,-1.000000000000000056e-01,0.000000000000000000e+00,8.000000000000000167e-02,0.000000000000000000e+00
1.220000000000000000e+02,1.627112644352815209e+02,1.551783732482631961e-01,-1.516595961832685191e+01,-3.843924246266423178e-02,6.270613595656358841e-02,-4.232803045880272758e-02,-1.007855131692626749e+00,-4.636329755139462216e-01,-9.442903707212346731e+00,-7.034462983117655313e+02,-3.054474007383907065e+03,8.129408558864975930e+03,0.000000000000000000e+00,-1.000000000000000056e-01,0.000000000000000000e+00,8.000000000000000167e-02,0.000000000000000000e+00
1.230000000000000000e+02,1.627699549592525159e+02,1.555729167666840274e-01,-1.517166749414356985e+01,-3.846548479857572062e-02,6.279741504469191216e-02,-4.227233837329346516e-02,-1.008378144277902511e+00,-4.659386990371909287e-01,-9.527523140726456674e+00,-8.515692202988865347e+02,-3.033063184647496655e+03,8.194994032158101618e+03,0.000000000000000000e+00,-1.000000000000000056e-01,0.000000000000000000e+00,8.000000000000000167e-02,0.000000000000000000e+00
1.240000000000000000e+02,1.628453422942376960e+02,1.559862355020054103e-01,-1.517882668087698939e+01,-3.849031448856213983e-02,6.289213861900658231e-02,-4.220737929075138450e-02,-1.008688291791908220e+00,-4.681751278501094515e-01,-9.612290424411721546e+00,-9.972589967273260072e+02,-2.999203797728042446e+03,8.260950178352471994e+03,0.000000000000000000e+00,-1.000000000000000056e-01,0.000000000000000000e+00,8.000000000000000167e-02,0.000000000000000000e+00
1.250000000000000000e+02,1.629356325390503173e+02,1.564117466378900922e-01,-1.518727367718178378e+01,-3.851346007077237343e-02,6.298892632795602409e-02,-4.213450011869145084e-02,-1.008791932598827712e+00,-4.703176641590973706e-01,-9.697200873786501418e+00,-1.139485074249841318e+03,-2.953129248296252626e+03,8.327268948006199935e+03,0.000000000000000000e+00,-1.000000000000000056e-01,0.000000000000000000e+00,8.000000000000000167e-02,0.000000000000000000e+00
1.260000000000000000e+02,1.630389353612416699e+02,1.568430817524094356e-01,-1.519683713052375573e+01,-3.853468946469129630e-02,6.308644584853631554e-02,-4.205508060983283170e-02,-1.008697731906259998e+00,-4.723441302697680144e-01,-9.782248162546093084e+00,-1.277236950343744411e+03,-2.895158043932551209e+03,8.393938244118766306e+03,0.000000000000000000e+00,-1.000000000000000056e-01,0.000000000000000000e+00,8.000000000000000167e-02,0.000000000000000000e+00
1.270000000000000000e+02,1.631532930976194962e+02,1.572741688381646130e-01,-1.520734042132227160e+01,-3.855381134857460701e-02,6.318342804123251721e-02,-4.197051128284584598e-02,-1.008416467917712112e+00,-4.742349289851111593e-01,-9.867424449609867310e+00,-1.409531168511391115e+03,-2.825692496845028018e+03,8.460942265310019138e+03,0.000000000000000000e+00,-1.000000000000000056e-01,0.000000000000000000e+00,8.000000000000000167e-02,0.000000000000000000e+00
1.280000000000000000e+02,1.632767091922522980e+02,1.576993030533868356e-01,-1.521860417784278319e+01,-3.857067567964857918e-02,6.327868020735209764e-02,-4.188217267331902083e-02,-1.007960814341974931e+00,-4.759731636697818735e-01,-9.952720528541236789e+00,-1.535418316981979842e+03,-2.745216834219849261e+03,8.528261876232081704e+03,0.000000000000000000e+00,-1.000000000000000056e-01,0.000000000000000000e+00,8.000000000000000167e-02,0.000000000000000000e+00
1.290000000000000000e+02,1.634071756303059146e+02,1.581132057526593582e-01,-1.523044869278711388e+01,-3.858517341355011121e-02,6.337109738570044504e-02,-4.179141621463770828e-02,-1.007345102435781348e+00,-4.775447182177482430e-01,-1.003812599677662476e+01,-1.653989975108054068e+03,-2.654294695516998217e+03,8.595875000198167982e+03,0.000000000000000000e+00,-1.000000000000000056e-01,0.000000000000000000e+00,8.000000000000000167e-02,0.000000000000000000e+00
1.300000000000000000e+02,1.635426990599063117e+02,1.585110717187498131e-01,-1.524269621555715482e+01,-3.859723549842623141e-02,6.345967167005159282e-02,-4.169954697695005263e-02,-1.006585066322388755e+00,-4.789382976658819735e-01,-1.012362944142360099e+01,-1.764385545047089408e+03,-2.553565999005951198e+03,8.663757028917105345e+03,0.000000000000000000e+00,-1.000000000000000056e-01,0.000000000000000000e+00,8.000000000000000167e-02,0.000000000000000000e+00
1.310000000000000000e+02,1.636813253305672902e+02,1.588886048416745245e-01,-1.525517309736990512e+01,-3.860683123275066020e-02,6.354349956807972544e-02,-4.160780842206808494e-02,-1.005697575806493660e+00,-4.801454306795868709e-01,-1.020921863783144445e+01,-1.865798900911519240e+03,-2.443743168168241937e+03,8.731881244158117624e+03,0.000000000000000000e+00,-1.000000000000000056e-01,0.000000000000000000e+00,8.000000000000000167e-02,0.000000000000000000e+00
1.320000000000000000e+02,1.638211622146941977e+02,1.592420427603961630e-01,-1.526771176971105426e+01,-3.861396608435179595e-02,6.362178745570887251e-02,-4.151736926581695020e-02,-1.004700361266276820e+00,-4.811604355932775356e-01,-1.029488075672591130e+01,-1.957484783604873201e+03,-2.325606718033049219e+03,8.800219246144177305e+03,0.000000000000000000e+00,-1.000000000000000056e-01,0.000000000000000000e+00,8.000000000000000167e-02,0.000000000000000000e+00
1.330000000000000000e+02,1.639604001174664916e+02,1.595681711935471314e-01,-1.528015253997000578e+01,-3.861867907176839282e-02,6.369385520801000566e-02,-4.142931247918316129e-02,-1.003611735424297491e+00,-4.819803521128138701e-01,-1.038060257545249243e+01,-2.038764867231499693e+03,-2.200000211771014165e+03,8.868741383492922978e+03,0.000000000000000000e+00,-1.000000000000000056e-01,0.000000000000000000e+00,8.000000000000000167e-02,0.000000000000000000e+00
1.340000000000000000e+02,1.640973306192915970e+02,1.598643288389728356e-01,-1.529234519144596760e+01,-3.862103980845398021e-02,6.375913810893858724e-02,-4.134462640714282877e-02,-1.002450316866660307e+00,-4.826048411726678866e-01,-1.046637068879788401e+01,-2.109033422407192575e+03,-2.067824608632650779e+03,8.937417179598156508e+03,0.000000000000000000e+00,-1.000000000000000056e-01,0.000000000000000000e+00,8.000000000000000167e-02,0.000000000000000000e+00
1.350000000000000000e+02,1.642303627333686507e+02,1.601284038209695726e-01,-1.530415037820582747e+01,-3.862114530624562864e-02,6.381718715777813522e-02,-4.126419794016526754e-02,-1.001234760089981801e+00,-4.830360557812032885e-01,-1.055217171495655037e+01,-2.167762503078416557e+03,-1.930032035244365261e+03,9.006215750477893380e+03,0.000000000000000000e+00,-1.000000000000000056e-01,0.000000000000000000e+00,8.000000000000000167e-02,0.000000000000000000e+00
1.360000000000000000e+02,1.643580367981605548e+02,1.603588227144906175e-01,-1.531544080846757439e+01,-3.861911662767861936e-02,6.386766790070110000e-02,-4.118880763839879305e-02,-9.999834966130866087e-01,-4.832784859767172425e-01,-1.063799249246835998e+01,-2.214506586583402623e+03,-1.787619023024021772e+03,9.075106209311019484e+03,0.000000000000000000e+00,-1.000000000000000056e-01,0.000000000000000000e+00,8.000000000000000167e-02,0.000000000000000000e+00
1.370000000000000000e+02,1.644790359602884280e+02,1.605545331840496637e-01,-1.532610221324527089e+01,-3.861509546793102238e-02,6.391035792210596200e-02,-4.111912668228322881e-02,-9.987144913087235842e-01,-4.833387812492231372e-01,-1.072382026435549918e+01,-2.248906601597487679e+03,-1.641619264714213614e+03,9.144058053145139638e+03,0.000000000000000000e+00,-1.000000000000000056e-01,0.000000000000000000e+00,8.000000000000000167e-02,0.000000000000000000e+00
1.380000000000000000e+02,1.645921952371617181e+02,1.607149812491206753e-01,-1.533603409989183142e+01,-3.860924073713555005e-02,6.394514313308362341e-02,-4.105571550524353408e-02,-9.974450176108544674e-01,-4.832255539539259126e-01,-1.080964284620618621e+01,-2.270693285173803361e+03,-1.493095952439955681e+03,9.213041527583132847e+03,0.000000000000000000e+00,-1.000000000000000056e-01,0.000000000000000000e+00,8.000000000000000167e-02,0.000000000000000000e+00
1.390000000000000000e+02,1.646965081802499924e+02,1.608400841352826960e-01,-1.534515029289368648e+01,-3.860172520315425376e-02,6.397201299425042675e-02,-4.099902395335415506e-02,-9.961914546617105515e-01,-4.829491673491451142e-01,-1.089544877555956859e+01,-2.279689818138071587e+03,-1.343133767995882408e+03,9.282027965641618721e+03,0.000000000000000000e+00,-1.000000000000000056e-01,0.000000000000000000e+00,8.000000000000000167e-02,0.000000000000000000e+00
1.400000000000000000e+02,1.647911311890474053e+02,1.609301995984976918e-01,-1.535337926678439402e+01,-3.859273224419677156e-02,6.399105480799627266e-02,-4.094939281240889128e-02,-9.949691088095495850e-01,-4.825215119331532354e-01,-1.098122744060685285e+01,-2.275813697393983603e+03,-1.192830603016166151e+03,9.350990097416908611e+03,0.000000000000000000e+00,-1.000000000000000056e-01,0.000000000000000000e+00,8.000000000000000167e-02,0.000000000000000000e+00
1.410000000000000000e+02,1.648753855523263780e+02,1.609860925257469988e-01,-1.536066427834081161e+01,-3.858245275033734406e-02,6.400244721149438154e-02,-4.090705654355854953e-02,-9.937920611837689489e-01,-4.819557737321672475e-01,-1.106696918690535547e+01,-2.259077813975863137e+03,-1.043289092089261658e+03,9.419902327684509146e+03,0.000000000000000000e+00,-1.000000000000000056e-01,0.000000000000000000e+00,8.000000000000000167e-02,0.000000000000000000e+00
1.420000000000000000e+02,1.649487573170931114e+02,1.610088995247548893e-01,-1.536696330729287929e+01,-3.857108220336455395e-02,6.400645299720053583e-02,-4.087214707345478149e-02,-9.926730423885008481e-01,-4.812661981087035801e-01,-1.115266540147328556e+01,-2.229590716654048720e+03,-8.956080456166640715e+02,9.488740979089179746e+03,0.000000000000000000e+00,-1.000000000000000056e-01,0.000000000000000000e+00,8.000000000000000167e-02,0.000000000000000000e+00
1.430000000000000000e+02,1.650108951066771397e+02,1.610000921239799765e-01,-1.537224881660815079e+01,-3.855881795573021936e-02,6.400341138238778427e-02,-4.084469849256674306e-02,-9.916233346960350303e-01,-4.804678525206766970e-01,-1.123830857426564478e+01,-2.187556052246972740e+03,-7.508738712076773254e+02,9.557484499142174172e+03,0.000000000000000000e+00,-1.000000000000000056e-01,0.000000000000000000e+00,8.000000000000000167e-02,0.000000000000000000e+00
1.440000000000000000e+02,1.650616060275758628e+02,1.609614391155473057e-01,-1.537650734500179439e+01,-3.854585672179599437e-02,6.399372984387675933e-02,-4.082465252500117048e-02,-9.906527015101219691e-01,-4.795763914734932354e-01,-1.132389233760300939e+01,-2.133271185211230204e+03,-6.101520726385184616e+02,9.626113629820076312e+03,0.000000000000000000e+00,-1.000000000000000056e-01,0.000000000000000000e+00,8.000000000000000167e-02,0.000000000000000000e+00
1.450000000000000000e+02,1.651008498200315273e+02,1.608949684918000722e-01,-1.537973894566792055e+01,-3.853239228819194812e-02,6.397787562872300771e-02,-4.081186464386615115e-02,-9.897693433240742911e-01,-4.786078266775959933e-01,-1.140941148461771171e+01,-2.067125010266370282e+03,-4.744789139301693126e+02,9.694611539142773836e+03,0.000000000000000000e+00,-1.000000000000000056e-01,0.000000000000000000e+00,8.000000000000000167e-02,0.000000000000000000e+00
1.460000000000000000e+02,1.651287314198720253e+02,1.608029293528405179e-01,-1.538195648633004886e+01,-3.851861344490283001e-02,6.395636704634975744e-02,-4.080611071721726435e-02,-9.889798789317563177e-01,-4.775783051607019325e-01,-1.149486196818511985e+01,-1.989594982484621141e+03,-3.448533330151961991e+02,9.762963914684942210e+03,0.000000000000000000e+00,-1.000000000000000056e-01,0.000000000000000000e+00,8.000000000000000167e-02,0.000000000000000000e+00
1.470000000000000000e+02,1.651454921089515153e+02,1.606877540994651465e-01,-1.538318482656995023e+01,-3.850470213466426067e-02,6.392976464253316560e-02,-4.080709408029579988e-02,-9.882893502677948527e-01,-4.765038977958777622e-01,-1.158024088211601565e+01,-1.901243399187871773e+03,-2.222291849165405040e+02,9.831159019533622995e+03,0.000000000000000000e+00,-1.000000000000000056e-01,0.000000000000000000e+00,8.000000000000000167e-02,0.000000000000000000e+00
1.480000000000000000e+02,1.651514994386633646e+02,1.605520211740090464e-01,-1.538345988901956041e+01,-3.849083181529779074e-02,6.389866235073754508e-02,-4.081445293965067778e-02,-9.877012489583992805e-01,-4.754004004018573259e-01,-1.166554642659981589e+01,-1.802712976934123617e+03,-1.075078885373439590e+02,9.899187711733637116e+03,0.000000000000000000e+00,-1.000000000000000056e-01,0.000000000000000000e+00,8.000000000000000167e-02,0.000000000000000000e+00
1.490000000000000000e+02,1.651472361155622082e+02,1.603984185709156629e-01,-1.538282764139712278e+01,-3.847716602764044563e-02,6.386367871153987574e-02,-4.082776802350203404e-02,-9.872175624535280969e-01,-4.742831492583995390e-01,-1.175077786001205737e+01,-1.694721774676132100e+03,-1.531544276025726958e+00,9.967043428751980173e+03,0.000000000000000000e+00,-1.000000000000000056e-01,0.000000000000000000e+00,8.000000000000000167e-02,0.000000000000000000e+00
1.500000000000000000e+02,1.651332880402421495e+02,1.602297083088406182e-01,-1.538134300654556341e+01,-3.846385716060565785e-02,6.382544824618922863e-02,-4.084657040015990392e-02,-9.868388374789022199e-01,-4.731668525639319278e-01,-1.183593543924201974e+01,-1.578057520716741237e+03,9.492341802947207441e+01,1.003472213893424669e+04,0.000000000000000000e+00,-1.000000000000000056e-01,0.000000000000000000e+00,8.000000000000000167e-02,0.000000000000000000e+00
1.510000000000000000e+02,1.651103316904049336e+02,1.600486920358766274e-01,-1.537906871759748384e+01,-3.845104540450555025e-02,6.378461306562557831e-02,-4.087034939238384096e-02,-9.865642584841540774e-01,-4.720654390511835885e-01,-1.192102035066820243e+01,-1.453571406297686281e+03,1.811520096153970769e+02,1.010222226231336936e+04,0.000000000000000000e+00,-1.000000000000000056e-01,0.000000000000000000e+00,8.000000000000000167e-02,0.000000000000000000e+00
1.520000000000000000e+02,1.650791210366637358e+02,1.598581779277142290e-01,-1.537607413516084875e+01,-3.843885788392861075e-02,6.374181479144408469e-02,-4.089856052028068012e-02,-9.863917387613643228e-01,-4.709919246739073806e-01,-1.200603463382318381e+01,-1.322171412518528768e+03,2.565258291786126961e+02,1.016954456345825201e+04,0.000000000000000000e+00,-1.000000000000000056e-01,0.000000000000000000e+00,8.000000000000000167e-02,0.000000000000000000e+00
1.530000000000000000e+02,1.650404741752154507e+02,1.596609490336189652e-01,-1.537243404300401117e+01,-3.842740796204183185e-02,6.369768686022542203e-02,-4.093063340880972317e-02,-9.863180219558024264e-01,-4.699582979879744493e-01,-1.209098109965845858e+01,-1.184815239812100799e+03,3.204975512802694766e+02,1.023669201931451425e+04,0.000000000000000000e+00,-1.000000000000000056e-01,0.000000000000000000e+00,8.000000000000000167e-02,0.000000000000000000e+00
1.540000000000000000e+02,1.649952598552482925e+02,1.594597332251104782e-01,-1.536822743813353220e+01,-3.841679470903016508e-02,6.365284727727785197e-02,-4.096597959837566805e-02,-9.863387917772954427e-01,-4.689754245759669149e-01,-1.217586324515715468e+01,-1.042502910465021387e+03,3.726047315264877966e+02,1.030366966518967274e+04,0.000000000000000000e+00,-1.000000000000000056e-01,0.000000000000000000e+00,8.000000000000000167e-02,0.000000000000000000e+00
1.550000000000000000e+02,1.649443840709941469e+02,1.592571749055238794e-01,-1.536353633041827749e+01,-3.840710252836258831e-02,6.360789188007028028e-02,-4.100400019858229522e-02,-9.864487878363105144e-01,-4.680529706079158969e-01,-1.226068516586002488e+01,-8.962691147640739473e+02,4.124729115942199655e+02,1.037048442217119009e+04,0.000000000000000000e+00,-1.000000000000000056e-01,0.000000000000000000e+00,8.000000000000000167e-02,0.000000000000000000e+00
1.560000000000000000e+02,1.648887768788678727e+02,1.590558086428382478e-01,-1.535844456603399699e+01,-3.839840093553290035e-02,6.356338816542785042e-02,-4.104409332626934165e-02,-9.866419256645421187e-01,-4.671993453932850038e-01,-1.234545146767893264e+01,-7.471753703969701519e+02,4.398180150092511553e+02,1.043714490933967681e+04,0.000000000000000000e+00,-1.000000000000000056e-01,0.000000000000000000e+00,8.000000000000000167e-02,0.000000000000000000e+00
1.570000000000000000e+02,1.648293795893328593e+02,1.588580348919900742e-01,-1.535303668800109378e+01,-3.839074448478101836e-02,6.351986972785217400e-02,-4.108566126974972504e-02,-9.869114191276778802e-01,-4.664216625613833989e-01,-1.243016717918135861e+01,-5.963020628855699670e+02,4.544480318227167004e+02,1.050366124415441118e+04,0.000000000000000000e+00,-1.000000000000000056e-01,0.000000000000000000e+00,8.000000000000000167e-02,0.000000000000000000e+00
1.580000000000000000e+02,1.647671324711688783e+02,1.586660979740451283e-01,-1.534739684598063469e+01,-3.838417283992089785e-02,6.347783134915656322e-02,-4.112811732201055587e-02,-9.872499035916002530e-01,-4.657257193093622960e-01,-1.251483766534679631e+01,-4.447404322404539130e+02,4.562639968775651482e+02,1.057004483434848953e+04,0.000000000000000000e+00,-1.000000000000000056e-01,0.000000000000000000e+00,8.000000000000000167e-02,0.000000000000000000e+00
1.590000000000000000e+02,1.647029630928774679e+02,1.584820664771475485e-01,-1.534160776629688527e+01,-3.837871098574716783e-02,6.343772477191038373e-02,-4.117089222681546284e-02,-9.876495583573766668e-01,-4.651159929787593295e-01,-1.259946854362696911e+01,-2.935845678631724809e+02,4.452602721472388794e+02,1.063630816458166009e+04,0.000000000000000000e+00,-1.000000000000000056e-01,0.000000000000000000e+00,8.000000000000000167e-02,0.000000000000000000e+00
1.600000000000000000e+02,1.646377754122148076e+02,1.583078162364784103e-01,-1.533574979188618137e+01,-3.837436957648054925e-02,6.339995518109188544e-02,-4.121344018341203952e-02,-9.881022270310867439e-01,-4.645956540630026277e-01,-1.268406560299050412e+01,-1.439234701507299690e+02,4.215241486395348147e+02,1.070246458096594870e+04,0.000000000000000000e+00,-1.000000000000000056e-01,0.000000000000000000e+00,8.000000000000000167e-02,0.000000000000000000e+00
1.610000000000000000e+02,1.645724397104713148e+02,1.581450160370445612e-01,-1.532990000054813784e+01,-3.837114541733747247e-02,6.336487840984705855e-02,-4.125524435812288199e-02,-9.885995346390851202e-01,-4.641665946090403061e-01,-1.276863472650157227e+01,3.166766567278644473e+00,3.852347875947455123e+02,1.076852807640904393e+04,0.000000000000000000e+00,-1.000000000000000056e-01,0.000000000000000000e+00,8.000000000000000167e-02,0.000000000000000000e+00
1.620000000000000000e+02,1.645077834532923191e+02,1.579951161632324463e-01,-1.532413140851326183e+01,-3.836902207455800823e-02,6.333279887649291562e-02,-4.129582185465286576e-02,-9.891330004359834005e-01,-4.638294708560070645e-01,-1.285318181787143565e+01,1.466305990610109689e+02,3.366615242024706731e+02,1.083451307951901254e+04,0.000000000000000000e+00,-1.000000000000000056e-01,0.000000000000000000e+00,8.000000000000000167e-02,0.000000000000000000e+00
1.630000000000000000e+02,1.644445831447315243e+02,1.578593398929239999e-01,-1.531851226495785490e+01,-3.836797060813428029e-02,6.330396825096323843e-02,-4.133472809958774891e-02,-9.896941454805296967e-01,-4.635837588522303543e-01,-1.293771273233193853e+01,2.854404614185449418e+02,2.761615598734948662e+02,1.090043424958822652e+04,0.000000000000000000e+00,-1.000000000000000056e-01,0.000000000000000000e+00,8.000000000000000167e-02,0.000000000000000000e+00
1.640000000000000000e+02,1.643835572260135223e+02,1.577386780016293011e-01,-1.531310544170833055e+01,-3.836795042008227935e-02,6.327858483993127614e-02,-4.137156060534193797e-02,-9.902745941735091595e-01,-4.634278217086329477e-01,-1.302223321210892770e+01,4.186039294559852806e+02,2.041770713085161617e+02,1.096630627992986592e+04,0.000000000000000000e+00,-1.000000000000000056e-01,0.000000000000000000e+00,8.000000000000000167e-02,0.000000000000000000e+00
1.650000000000000000e+02,1.643253600553280478e+02,1.576338863045202709e-01,-1.530796792099986092e+01,-3.836891020948540731e-02,6.325679367099600048e-02,-4.140596207970870940e-02,-9.908661690621031193e-01,-4.633589870814126543e-01,-1.310674882671947650e+01,5.451705839077053497e+02,1.212317662948928501e+02,1.103214371158330141e+04,0.000000000000000000e+00,-1.000000000000000056e-01,0.000000000000000000e+00,8.000000000000000167e-02,0.000000000000000000e+00
1.660000000000000000e+02,1.642705769900427697e+02,1.575454862223848729e-01,-1.530315038280322781e+01,-3.837078902376834383e-02,6.323868724774789341e-02,-4.143762285910373294e-02,-9.914609783175758473e-01,-4.633736334295245340e-01,-1.319126491827652181e+01,6.642385363001376390e+02,2.792691743536293103e+01,1.109796075914001813e+04,0.000000000000000000e+00,-1.000000000000000056e-01,0.000000000000000000e+00,8.000000000000000167e-02,0.000000000000000000e+00
1.670000000000000000e+02,1.642197205781700404e+02,1.574737683125299881e-01,-1.529869689192404358e+01,-3.837351739384606275e-02,6.322430693940386814e-02,-4.146628265141560216e-02,-9.920514953887284992e-01,-4.634672835626305054e-01,-1.327578655195537216e+01,7.749605844259053811e+02,-7.506309402806770947e+01,1.116377115017435062e+04,0.000000000000000000e+00,-1.000000000000000056e-01,0.000000000000000000e+00,8.000000000000000167e-02,0.000000000000000000e+00
1.680000000000000000e+02,1.641732278519061481e+02,1.574187986594820787e-01,-1.529464468382504094e+01,-3.837701853904368354e-02,6.321364496117592990e-02,-4.149173158389323629e-02,-9.926306304234283617e-01,-4.636347039825133853e-01,-1.336031847175490128e+01,8.765499670350733368e+02,-1.869956913843127495e+02,1.122958797949736982e+04,0.000000000000000000e+00,-1.000000000000000056e-01,0.000000000000000000e+00,8.000000000000000167e-02,0.000000000000000000e+00
1.690000000000000000e+02,1.641314587027263201e+02,1.573804279740680934e-01,-1.529102404693658457e+01,-3.838120962607266540e-02,6.320664689477525910e-02,-4.151381056147174231e-02,-9.931917931359639518e-01,-4.638700085250183069e-01,-1.344486506166927064e+01,9.682856897571430181e+02,-3.070654390745552860e+02,1.129542357919112692e+04,0.000000000000000000e+00,-1.000000000000000056e-01,0.000000000000000000e+00,8.000000000000000167e-02,0.000000000000000000e+00
1.700000000000000000e+02,1.640946953050034267e+02,1.573583032052211783e-01,-1.528785829811701014e+01,-3.838600306500778575e-02,6.320321469258298464e-02,-4.153241095108330116e-02,-9.937289468801624448e-01,-4.641667648298768434e-01,-1.352943031237033544e+01,1.049517396390795284e+03,-4.344097686182935263e+02,1.136128940512738336e+04,0.000000000000000000e+00,-1.000000000000000056e-01,0.000000000000000000e+00,8.000000000000000167e-02,0.000000000000000000e+00
1.710000000000000000e+02,1.640631425435485653e+02,1.573518814279970535e-01,-1.528516384691179475e+01,-3.839130782419065968e-02,6.320321010416458940e-02,-4.154747361753993729e-02,-9.942366537683310357e-01,-4.645181022016120487e-01,-1.361401779348417485e+01,1.119669761594548163e+03,-5.681150590485683551e+02,1.142719594043203324e+04,0.000000000000000000e+00,-1.000000000000000056e-01,0.000000000000000000e+00,8.000000000000000167e-02,0.000000000000000000e+00
1.720000000000000000e+02,1.640369293899601075e+02,1.573604457352887342e-01,-1.528295034334998093e+01,-3.839703074537088173e-02,6.320645846006124613e-02,-4.155898734620876861e-02,-9.947101107550359034e-01,-4.649168194753181549e-01,-1.369863063152511451e+01,1.178246382739807132e+03,-7.072230363074975230e+02,1.149315261612571703e+04,0.000000000000000000e+00,-1.000000000000000056e-01,0.000000000000000000e+00,8.000000000000000167e-02,0.000000000000000000e+00
1.730000000000000000e+02,1.640161111633124449e+02,1.573831228309351127e-01,-1.528122090321419435e+01,-3.840307784022763821e-02,6.321275274521423460e-02,-4.156698669665325613e-02,-9.951451766833302459e-01,-4.653554915655035429e-01,-1.378327149352527492e+01,1.224833150317175068e+03,-8.507374551537747038e+02,1.155916774895401977e+04,0.000000000000000000e+00,-1.000000000000000056e-01,0.000000000000000000e+00,8.000000000000000167e-02,0.000000000000000000e+00
1.740000000000000000e+02,1.640006726025964952e+02,1.574189019991296679e-01,-1.527997240403423085e+01,-3.840935554971361410e-02,6.322185789300741043e-02,-4.157154933942407843e-02,-9.955383903697181402e-01,-4.658265734532772151e-01,-1.386794257636625716e+01,1.259101077891993782e+03,-9.976310260645665267e+02,1.162524849621837348e+04,0.000000000000000000e+00,-1.000000000000000056e-01,0.000000000000000000e+00,8.000000000000000167e-02,0.000000000000000000e+00
1.750000000000000000e+02,1.639905316715032200e+02,1.574666551100564194e-01,-1.527919584448708434e+01,-3.841577194843356219e-02,6.323351523074230429e-02,-4.157279293503489404e-02,-9.958869798831210263e-01,-4.663225004556997288e-01,-1.395264560178140734e+01,1.280808574262288175e+03,-1.146852548370037994e+03,1.169140082723162413e+04,0.000000000000000000e+00,-1.000000000000000056e-01,0.000000000000000000e+00,8.000000000000000167e-02,0.000000000000000000e+00
1.760000000000000000e+02,1.639855440106599076e+02,1.575251573146991824e-01,-1.527887675944135104e+01,-3.842223787748474256e-02,6.324744700835617517e-02,-4.157087161967451538e-02,-9.961888632522536424e-01,-4.668357837197640858e-01,-1.403738181695206677e+01,1.289803142256315368e+03,-1.297334209452308187e+03,1.175762951085135137e+04,0.000000000000000000e+00,-1.000000000000000056e-01,0.000000000000000000e+00,8.000000000000000167e-02,0.000000000000000000e+00
1.770000000000000000e+02,1.639855079483059512e+02,1.575931080828336384e-01,-1.527899568256134799e+01,-3.842866799081058604e-02,6.326336094429528545e-02,-4.156597216626405772e-02,-9.964426409146983632e-01,-4.673590999907266119e-01,-1.412215200057016951e+01,1.286022490586890854e+03,-1.447999008301754657e+03,1.182393811838917281e+04,0.000000000000000000e+00,-1.000000000000000056e-01,0.000000000000000000e+00,8.000000000000000167e-02,0.000000000000000000e+00
1.780000000000000000e+02,1.639901699776366115e+02,1.576691522470574924e-01,-1.527952864818579037e+01,-3.843498170208890091e-02,6.328095472556231893e-02,-4.155830989199846975e-02,-9.966475802988227217e-01,-4.678853748188430139e-01,-1.420695647418335739e+01,1.269495047416326088e+03,-1.597768260097178654e+03,1.189032904105567468e+04,0.000000000000000000e+00,-1.000000000000000056e-01,0.000000000000000000e+00,8.000000000000000167e-02,0.000000000000000000e+00
1.790000000000000000e+02,1.639992306076184434e+02,1.577519007315118238e-01,-1.528044772411276497e+01,-3.844110402141257682e-02,6.329992040297431621e-02,-4.154812438450683487e-02,-9.968035930055153537e-01,-4.684078584883492047e-01,-1.429179511857897467e+01,1.240339866828524009e+03,-1.745569136820492986e+03,1.195680352097890136e+04,0.000000000000000000e+00,-1.000000000000000056e-01,0.000000000000000000e+00,8.000000000000000167e-02,0.000000000000000000e+00
1.800000000000000000e+02,1.640123504939584507e+02,1.578399506662340190e-01,-1.528172156695428008e+01,-3.844696627346324419e-02,6.331994862743221819e-02,-4.153567511825988906e-02,-9.969112051292545740e-01,-4.689201940761315579e-01,-1.437666739490201273e+01,1.198765922289388755e+03,-1.890342197299687314e+03,1.202336169472844813e+04,0.000000000000000000e+00,-1.000000000000000056e-01,0.000000000000000000e+00,8.000000000000000167e-02,0.000000000000000000e+00
